Stock,Features,Volatility,Percent Return,Win Rate,Accuracy Test,Total Dict,Selected Features
AZUL4.SA,3,0.753508859202774,-33.78610522651667,27.27272727272727,0.2966101694915254,"{'-1.0': {'precision': 0.35714285714285715, 'recall': 0.05319148936170213, 'f1-score': 0.09259259259259259, 'support': 94.0}, '0.0': {'precision': 0.18032786885245902, 'recall': 0.1746031746031746, 'f1-score': 0.1774193548387097, 'support': 63.0}, '1.0': {'precision': 0.33540372670807456, 'recall': 0.6835443037974683, 'f1-score': 0.45, 'support': 79.0}, 'accuracy': 0.2966101694915254, 'macro avg': {'precision': 0.29095815090113025, 'recall': 0.30377965592078165, 'f1-score': 0.24000398247710075, 'support': 236.0}, 'weighted avg': {'precision': 0.3026651640638618, 'recall': 0.2966101694915254, 'f1-score': 0.23487764007856957, 'support': 236.0}}","['n_estimators', 'adx_period', 'mass_window_fast', 'mass_window_slow', 'dpo_window']"
AZUL4.SA,4,0.753508859202774,-8.065594775199878,33.33333333333333,0.3050847457627119,"{'-1.0': {'precision': 0.47368421052631576, 'recall': 0.09574468085106383, 'f1-score': 0.1592920353982301, 'support': 94.0}, '0.0': {'precision': 0.25, 'recall': 0.25396825396825395, 'f1-score': 0.25196850393700787, 'support': 63.0}, '1.0': {'precision': 0.30718954248366015, 'recall': 0.5949367088607594, 'f1-score': 0.4051724137931034, 'support': 79.0}, 'accuracy': 0.3050847457627119, 'macro avg': {'precision': 0.3436245843366586, 'recall': 0.3148832145600257, 'f1-score': 0.27214431770944714, 'support': 236.0}, 'weighted avg': {'precision': 0.35823851544780866, 'recall': 0.3050847457627119, 'f1-score': 0.2663393549369504, 'support': 236.0}}","['n_estimators', 'adx_period', 'atr_period', 'mass_window_fast', 'mass_window_slow', 'dpo_window']"
AZUL4.SA,5,0.753508859202774,-38.22470145416255,38.46153846153847,0.2754237288135593,"{'-1.0': {'precision': 0.4444444444444444, 'recall': 0.0851063829787234, 'f1-score': 0.14285714285714285, 'support': 94.0}, '0.0': {'precision': 0.1746031746031746, 'recall': 0.1746031746031746, 'f1-score': 0.1746031746031746, 'support': 63.0}, '1.0': {'precision': 0.2967741935483871, 'recall': 0.5822784810126582, 'f1-score': 0.39316239316239315, 'support': 79.0}, 'accuracy': 0.2754237288135593, 'macro avg': {'precision': 0.30527393753200205, 'recall': 0.28066267953151874, 'f1-score': 0.23687423687423684, 'support': 236.0}, 'weighted avg': {'precision': 0.3229785553733066, 'recall': 0.2754237288135593, 'f1-score': 0.23512034105254442, 'support': 236.0}}","['n_estimators', 'adx_period', 'atr_period', 'mass_window_fast', 'mass_window_slow', 'dpo_window']"
AZUL4.SA,6,0.753508859202774,-9.966203031921358,46.15384615384615,0.2838983050847458,"{'-1.0': {'precision': 0.47058823529411764, 'recall': 0.0851063829787234, 'f1-score': 0.14414414414414414, 'support': 94.0}, '0.0': {'precision': 0.20833333333333334, 'recall': 0.23809523809523808, 'f1-score': 0.2222222222222222, 'support': 63.0}, '1.0': {'precision': 0.29931972789115646, 'recall': 0.5569620253164557, 'f1-score': 0.3893805309734513, 'support': 79.0}, 'accuracy': 0.2838983050847458, 'macro avg': {'precision': 0.32608043217286914, 'recall': 0.29338788213013905, 'f1-score': 0.25191563244660586, 'support': 236.0}, 'weighted avg': {'precision': 0.34324810432647634, 'recall': 0.2838983050847458, 'f1-score': 0.24707886227310255, 'support': 236.0}}","['n_estimators', 'adx_period', 'atr_period', 'cci_period', 'mass_window_fast', 'mass_window_slow', 'dpo_window']"
AZUL4.SA,7,0.753508859202774,-10.746604559135484,46.42857142857143,0.3050847457627119,"{'-1.0': {'precision': 0.5, 'recall': 0.09574468085106383, 'f1-score': 0.16071428571428573, 'support': 94.0}, '0.0': {'precision': 0.21875, 'recall': 0.2222222222222222, 'f1-score': 0.2204724409448819, 'support': 63.0}, '1.0': {'precision': 0.3181818181818182, 'recall': 0.620253164556962, 'f1-score': 0.4206008583690987, 'support': 79.0}, 'accuracy': 0.3050847457627119, 'macro avg': {'precision': 0.3456439393939394, 'recall': 0.312740022543416, 'f1-score': 0.26726252834275543, 'support': 236.0}, 'weighted avg': {'precision': 0.3640576848998459, 'recall': 0.3050847457627119, 'f1-score': 0.26366260359249666, 'support': 236.0}}","['n_estimators', 'adx_period', 'atr_period', 'cci_period', 'mass_window_fast', 'mass_window_slow', 'dpo_window', 'rsi_window']"
AZUL4.SA,8,0.753508859202774,-17.004202632331815,57.692307692307686,0.326271186440678,"{'-1.0': {'precision': 0.5185185185185185, 'recall': 0.14893617021276595, 'f1-score': 0.23140495867768596, 'support': 94.0}, '0.0': {'precision': 0.22807017543859648, 'recall': 0.20634920634920634, 'f1-score': 0.21666666666666667, 'support': 63.0}, '1.0': {'precision': 0.32894736842105265, 'recall': 0.6329113924050633, 'f1-score': 0.4329004329004329, 'support': 79.0}, 'accuracy': 0.326271186440678, 'macro avg': {'precision': 0.35851202079272254, 'recall': 0.3293989229890119, 'f1-score': 0.2936573527482618, 'support': 236.0}, 'weighted avg': {'precision': 0.37752544024845547, 'recall': 0.326271186440678, 'f1-score': 0.2949203403171046, 'support': 236.0}}","['n_estimators', 'adx_period', 'atr_period', 'cci_period', 'mass_window_fast', 'mass_window_slow', 'dpo_window', 'rsi_window']"
AZUL4.SA,9,0.753508859202774,-6.522201811027517,55.00000000000001,0.3177966101694915,"{'-1.0': {'precision': 0.47058823529411764, 'recall': 0.0851063829787234, 'f1-score': 0.14414414414414414, 'support': 94.0}, '0.0': {'precision': 0.21153846153846154, 'recall': 0.1746031746031746, 'f1-score': 0.19130434782608696, 'support': 63.0}, '1.0': {'precision': 0.33532934131736525, 'recall': 0.7088607594936709, 'f1-score': 0.45528455284552843, 'support': 79.0}, 'accuracy': 0.3177966101694915, 'macro avg': {'precision': 0.33915201271664813, 'recall': 0.32285677235852295, 'f1-score': 0.26357768160525313, 'support': 236.0}, 'weighted avg': {'precision': 0.3561577760959407, 'recall': 0.3177966101694915, 'f1-score': 0.26088645397199056, 'support': 236.0}}","['n_estimators', 'adx_period', 'atr_period', 'cci_period', 'mass_window_fast', 'mass_window_slow', 'dpo_window']"
AZUL4.SA,10,0.753508859202774,-5.096691574859615,50.0,0.3050847457627119,"{'-1.0': {'precision': 0.6666666666666666, 'recall': 0.06382978723404255, 'f1-score': 0.11650485436893204, 'support': 94.0}, '0.0': {'precision': 0.23943661971830985, 'recall': 0.2698412698412698, 'f1-score': 0.2537313432835821, 'support': 63.0}, '1.0': {'precision': 0.3141025641025641, 'recall': 0.620253164556962, 'f1-score': 0.41702127659574467, 'support': 79.0}, 'accuracy': 0.3050847457627119, 'macro avg': {'precision': 0.40673528349584687, 'recall': 0.3179747405440914, 'f1-score': 0.2624191580827529, 'support': 236.0}, 'weighted avg': {'precision': 0.43459862827552015, 'recall': 0.3050847457627119, 'f1-score': 0.2537339482568183, 'support': 236.0}}","['n_estimators', 'adx_period', 'atr_period', 'cci_period', 'mass_window_fast', 'mass_window_slow', 'dpo_window', 'rsi_window']"
AZUL4.SA,11,0.753508859202774,-20.636694819068964,40.909090909090914,0.3177966101694915,"{'-1.0': {'precision': 0.5454545454545454, 'recall': 0.06382978723404255, 'f1-score': 0.11428571428571428, 'support': 94.0}, '0.0': {'precision': 0.23809523809523808, 'recall': 0.23809523809523808, 'f1-score': 0.23809523809523808, 'support': 63.0}, '1.0': {'precision': 0.3333333333333333, 'recall': 0.6835443037974683, 'f1-score': 0.44813278008298757, 'support': 79.0}, 'accuracy': 0.3177966101694915, 'macro avg': {'precision': 0.3722943722943723, 'recall': 0.32848977637558296, 'f1-score': 0.2668379108213133, 'support': 236.0}, 'weighted avg': {'precision': 0.39239856189008726, 'recall': 0.3177966101694915, 'f1-score': 0.2590904524127676, 'support': 236.0}}","['n_estimators', 'adx_period', 'atr_period', 'cci_period', 'mass_window_fast', 'mass_window_slow', 'dpo_window', 'rsi_window']"
AZUL4.SA,12,0.753508859202774,-29.617799309539805,33.33333333333333,0.3008474576271186,"{'-1.0': {'precision': 0.3333333333333333, 'recall': 0.031914893617021274, 'f1-score': 0.05825242718446602, 'support': 94.0}, '0.0': {'precision': 0.23880597014925373, 'recall': 0.25396825396825395, 'f1-score': 0.24615384615384617, 'support': 63.0}, '1.0': {'precision': 0.325, 'recall': 0.6582278481012658, 'f1-score': 0.4351464435146444, 'support': 79.0}, 'accuracy': 0.3008474576271186, 'macro avg': {'precision': 0.29904643449419566, 'recall': 0.314703665228847, 'f1-score': 0.24651757228431884, 'support': 236.0}, 'weighted avg': {'precision': 0.30530978581667934, 'recall': 0.3008474576271186, 'f1-score': 0.23457622669783484, 'support': 236.0}}","['n_estimators', 'adx_period', 'atr_period', 'cci_period', 'mass_window_fast', 'mass_window_slow', 'dpo_window', 'rsi_window']"
AZUL4.SA,13,0.753508859202774,-32.06769311046599,50.0,0.2838983050847458,"{'-1.0': {'precision': 0.30434782608695654, 'recall': 0.07446808510638298, 'f1-score': 0.11965811965811966, 'support': 94.0}, '0.0': {'precision': 0.2, 'recall': 0.20634920634920634, 'f1-score': 0.203125, 'support': 63.0}, '1.0': {'precision': 0.31756756756756754, 'recall': 0.5949367088607594, 'f1-score': 0.41409691629955947, 'support': 79.0}, 'accuracy': 0.2838983050847458, 'macro avg': {'precision': 0.27397179788484133, 'recall': 0.2919180001054496, 'f1-score': 0.24562667865255972, 'support': 236.0}, 'weighted avg': {'precision': 0.2809175147881854, 'recall': 0.2838983050847458, 'f1-score': 0.24050167218444257, 'support': 236.0}}","['n_estimators', 'adx_period', 'atr_period', 'cci_period', 'trix_window', 'mass_window_fast', 'mass_window_slow', 'dpo_window', 'rsi_window']"
AZUL4.SA,14,0.753508859202774,-30.32529826450347,38.095238095238095,0.2796610169491525,"{'-1.0': {'precision': 0.38461538461538464, 'recall': 0.05319148936170213, 'f1-score': 0.09345794392523364, 'support': 94.0}, '0.0': {'precision': 0.21518987341772153, 'recall': 0.2698412698412698, 'f1-score': 0.23943661971830985, 'support': 63.0}, '1.0': {'precision': 0.3055555555555556, 'recall': 0.5569620253164557, 'f1-score': 0.39461883408071746, 'support': 79.0}, 'accuracy': 0.2796610169491525, 'macro avg': {'precision': 0.30178693786288724, 'recall': 0.2933315948398092, 'f1-score': 0.24250446590808697, 'support': 236.0}, 'weighted avg': {'precision': 0.31292244520360807, 'recall': 0.2796610169491525, 'f1-score': 0.2332391595915346, 'support': 236.0}}","['n_estimators', 'adx_period', 'atr_period', 'cci_period', 'trix_window', 'mass_window_fast', 'mass_window_slow', 'dpo_window', 'rsi_window']"
AZUL4.SA,15,0.753508859202774,-43.18189699516298,31.57894736842105,0.2923728813559322,"{'-1.0': {'precision': 0.4375, 'recall': 0.07446808510638298, 'f1-score': 0.12727272727272726, 'support': 94.0}, '0.0': {'precision': 0.19230769230769232, 'recall': 0.15873015873015872, 'f1-score': 0.17391304347826086, 'support': 63.0}, '1.0': {'precision': 0.30952380952380953, 'recall': 0.6582278481012658, 'f1-score': 0.42105263157894735, 'support': 79.0}, 'accuracy': 0.2923728813559322, 'macro avg': {'precision': 0.3131105006105006, 'recall': 0.2971420306459358, 'f1-score': 0.2407461341099785, 'support': 236.0}, 'weighted avg': {'precision': 0.3292066337617185, 'recall': 0.2923728813559322, 'f1-score': 0.23806489829450694, 'support': 236.0}}","['n_estimators', 'adx_period', 'atr_period', 'cci_period', 'trix_window', 'mass_window_fast', 'mass_window_slow', 'dpo_window', 'rsi_window']"
AZUL4.SA,16,0.753508859202774,61.68259549388891,70.0,0.3135593220338983,"{'-1.0': {'precision': 0.46153846153846156, 'recall': 0.06382978723404255, 'f1-score': 0.11214953271028037, 'support': 94.0}, '0.0': {'precision': 0.23728813559322035, 'recall': 0.2222222222222222, 'f1-score': 0.22950819672131148, 'support': 63.0}, '1.0': {'precision': 0.32926829268292684, 'recall': 0.6835443037974683, 'f1-score': 0.4444444444444444, 'support': 79.0}, 'accuracy': 0.3135593220338983, 'macro avg': {'precision': 0.34269829660486956, 'recall': 0.3231987710845777, 'f1-score': 0.2620340579586788, 'support': 236.0}, 'weighted avg': {'precision': 0.3573981485124555, 'recall': 0.3135593220338983, 'f1-score': 0.2547126422852546, 'support': 236.0}}","['n_estimators', 'adx_period', 'atr_period', 'cci_period', 'stc_window_slow', 'stc_window_fast', 'stc_cycle', 'stc_smooth1', 'stc_smooth2', 'trix_window', 'mass_window_fast', 'mass_window_slow', 'dpo_window', 'rsi_window']"
AZUL4.SA,17,0.753508859202774,-18.999802418518083,47.82608695652174,0.2966101694915254,"{'-1.0': {'precision': 0.4, 'recall': 0.0425531914893617, 'f1-score': 0.07692307692307693, 'support': 94.0}, '0.0': {'precision': 0.22972972972972974, 'recall': 0.2698412698412698, 'f1-score': 0.24817518248175183, 'support': 63.0}, '1.0': {'precision': 0.3223684210526316, 'recall': 0.620253164556962, 'f1-score': 0.42424242424242425, 'support': 79.0}, 'accuracy': 0.2966101694915254, 'macro avg': {'precision': 0.3173660502607871, 'recall': 0.3108825419625312, 'f1-score': 0.24978022788241763, 'support': 236.0}, 'weighted avg': {'precision': 0.3285596535429274, 'recall': 0.2966101694915254, 'f1-score': 0.238902361196064, 'support': 236.0}}","['n_estimators', 'adx_period', 'atr_period', 'cci_period', 'stc_window_slow', 'stc_window_fast', 'stc_cycle', 'stc_smooth1', 'stc_smooth2', 'trix_window', 'mass_window_fast', 'mass_window_slow', 'dpo_window', 'rsi_window', 'awesome_window1', 'awesome_window2']"
AZUL4.SA,18,0.753508859202774,-27.666794550895702,48.148148148148145,0.3432203389830508,"{'-1.0': {'precision': 0.4090909090909091, 'recall': 0.09574468085106383, 'f1-score': 0.15517241379310345, 'support': 94.0}, '0.0': {'precision': 0.3225806451612903, 'recall': 0.31746031746031744, 'f1-score': 0.32, 'support': 63.0}, '1.0': {'precision': 0.34210526315789475, 'recall': 0.6582278481012658, 'f1-score': 0.45021645021645024, 'support': 79.0}, 'accuracy': 0.3432203389830508, 'macro avg': {'precision': 0.3579256058033647, 'recall': 0.357144282137549, 'f1-score': 0.30846295466985124, 'support': 236.0}, 'weighted avg': {'precision': 0.36357390631008657, 'recall': 0.3432203389830508, 'f1-score': 0.2979377392527597, 'support': 236.0}}","['n_estimators', 'adx_period', 'atr_period', 'cci_period', 'stc_window_slow', 'stc_window_fast', 'stc_cycle', 'stc_smooth1', 'stc_smooth2', 'kst_r1', 'kst_r2', 'kst_r3', 'kst_r4', 'kst_n1', 'kst_n2', 'kst_n3', 'kst_n4', 'kst_signal', 'trix_window', 'mass_window_fast', 'mass_window_slow', 'dpo_window', 'rsi_window']"
AZUL4.SA,19,0.753508859202774,-31.19879603672024,37.5,0.2669491525423729,"{'-1.0': {'precision': 0.3076923076923077, 'recall': 0.0425531914893617, 'f1-score': 0.07476635514018691, 'support': 94.0}, '0.0': {'precision': 0.2191780821917808, 'recall': 0.25396825396825395, 'f1-score': 0.23529411764705882, 'support': 63.0}, '1.0': {'precision': 0.2866666666666667, 'recall': 0.5443037974683544, 'f1-score': 0.37554585152838427, 'support': 79.0}, 'accuracy': 0.2669491525423729, 'macro avg': {'precision': 0.2711790188502517, 'recall': 0.2802750809753234, 'f1-score': 0.22853544143854335, 'support': 236.0}, 'weighted avg': {'precision': 0.2770252659653635, 'recall': 0.2669491525423729, 'f1-score': 0.21830376722747724, 'support': 236.0}}","['n_estimators', 'adx_period', 'atr_period', 'cci_period', 'stc_window_slow', 'stc_window_fast', 'stc_cycle', 'stc_smooth1', 'stc_smooth2', 'kst_r1', 'kst_r2', 'kst_r3', 'kst_r4', 'kst_n1', 'kst_n2', 'kst_n3', 'kst_n4', 'kst_signal', 'trix_window', 'mass_window_fast', 'mass_window_slow', 'dpo_window', 'rsi_window', 'awesome_window1', 'awesome_window2']"
AZUL4.SA,20,0.753508859202774,-32.729895116043025,40.0,0.2838983050847458,"{'-1.0': {'precision': 0.45454545454545453, 'recall': 0.05319148936170213, 'f1-score': 0.09523809523809523, 'support': 94.0}, '0.0': {'precision': 0.19402985074626866, 'recall': 0.20634920634920634, 'f1-score': 0.2, 'support': 63.0}, '1.0': {'precision': 0.310126582278481, 'recall': 0.620253164556962, 'f1-score': 0.41350210970464135, 'support': 79.0}, 'accuracy': 0.2838983050847458, 'macro avg': {'precision': 0.3195672958567347, 'recall': 0.29326462008929016, 'f1-score': 0.2362467349809122, 'support': 236.0}, 'weighted avg': {'precision': 0.3366574293402019, 'recall': 0.2838983050847458, 'f1-score': 0.2297417271993543, 'support': 236.0}}","['n_estimators', 'adx_period', 'atr_period', 'cci_period', 'stc_window_slow', 'stc_window_fast', 'stc_cycle', 'stc_smooth1', 'stc_smooth2', 'kst_r1', 'kst_r2', 'kst_r3', 'kst_r4', 'kst_n1', 'kst_n2', 'kst_n3', 'kst_n4', 'kst_signal', 'trix_window', 'mass_window_fast', 'mass_window_slow', 'dpo_window', 'rsi_window', 'awesome_window1', 'awesome_window2']"
AZUL4.SA,21,0.753508859202774,1.6408954658508081,54.166666666666664,0.3432203389830508,"{'-1.0': {'precision': 0.6666666666666666, 'recall': 0.10638297872340426, 'f1-score': 0.1834862385321101, 'support': 94.0}, '0.0': {'precision': 0.25925925925925924, 'recall': 0.2222222222222222, 'f1-score': 0.23931623931623933, 'support': 63.0}, '1.0': {'precision': 0.3413173652694611, 'recall': 0.7215189873417721, 'f1-score': 0.4634146341463415, 'support': 79.0}, 'accuracy': 0.3432203389830508, 'macro avg': {'precision': 0.4224144303984623, 'recall': 0.35004139609579954, 'f1-score': 0.2954057039982303, 'support': 236.0}, 'weighted avg': {'precision': 0.4490003044757942, 'recall': 0.3432203389830508, 'f1-score': 0.29209485422246784, 'support': 236.0}}","['n_estimators', 'adx_period', 'atr_period', 'cci_period', 'stc_window_slow', 'stc_window_fast', 'stc_cycle', 'stc_smooth1', 'stc_smooth2', 'kst_r1', 'kst_r2', 'kst_r3', 'kst_r4', 'kst_n1', 'kst_n2', 'kst_n3', 'kst_n4', 'kst_signal', 'trix_window', 'mass_window_fast', 'mass_window_slow', 'dpo_window', 'rsi_window', 'awesome_window1', 'awesome_window2']"
AZUL4.SA,22,0.753508859202774,-16.296007335662814,45.45454545454545,0.3093220338983051,"{'-1.0': {'precision': 0.375, 'recall': 0.06382978723404255, 'f1-score': 0.10909090909090909, 'support': 94.0}, '0.0': {'precision': 0.19230769230769232, 'recall': 0.15873015873015872, 'f1-score': 0.17391304347826086, 'support': 63.0}, '1.0': {'precision': 0.3392857142857143, 'recall': 0.7215189873417721, 'f1-score': 0.46153846153846156, 'support': 79.0}, 'accuracy': 0.3093220338983051, 'macro avg': {'precision': 0.3021978021978022, 'recall': 0.3146929777686578, 'f1-score': 0.24818080470254386, 'support': 236.0}, 'weighted avg': {'precision': 0.31427523747439, 'recall': 0.3093220338983051, 'f1-score': 0.24437544769158626, 'support': 236.0}}","['n_estimators', 'adx_period', 'atr_period', 'cci_period', 'stc_window_slow', 'stc_window_fast', 'stc_cycle', 'stc_smooth1', 'stc_smooth2', 'kst_r1', 'kst_r2', 'kst_r3', 'kst_r4', 'kst_n1', 'kst_n2', 'kst_n3', 'kst_n4', 'kst_signal', 'trix_window', 'mass_window_fast', 'mass_window_slow', 'dpo_window', 'rsi_window', 'awesome_window1', 'awesome_window2']"
AZUL4.SA,23,0.753508859202774,-15.320596899414085,39.130434782608695,0.3008474576271186,"{'-1.0': {'precision': 0.5, 'recall': 0.0851063829787234, 'f1-score': 0.14545454545454545, 'support': 94.0}, '0.0': {'precision': 0.21052631578947367, 'recall': 0.19047619047619047, 'f1-score': 0.2, 'support': 63.0}, '1.0': {'precision': 0.3128834355828221, 'recall': 0.6455696202531646, 'f1-score': 0.4214876033057851, 'support': 79.0}, 'accuracy': 0.3008474576271186, 'macro avg': {'precision': 0.3411365837907652, 'recall': 0.30705073123602616, 'f1-score': 0.2556473829201102, 'support': 236.0}, 'weighted avg': {'precision': 0.3600887682448296, 'recall': 0.3008474576271186, 'f1-score': 0.2524163048045945, 'support': 236.0}}","['n_estimators', 'adx_period', 'atr_period', 'cci_period', 'stc_window_slow', 'stc_window_fast', 'stc_cycle', 'stc_smooth1', 'stc_smooth2', 'kst_r1', 'kst_r2', 'kst_r3', 'kst_r4', 'kst_n1', 'kst_n2', 'kst_n3', 'kst_n4', 'kst_signal', 'trix_window', 'mass_window_fast', 'mass_window_slow', 'dpo_window', 'rsi_window', 'awesome_window1', 'awesome_window2']"
AZUL4.SA,24,0.753508859202774,-33.46061113033293,51.724137931034484,0.3008474576271186,"{'-1.0': {'precision': 0.5833333333333334, 'recall': 0.07446808510638298, 'f1-score': 0.1320754716981132, 'support': 94.0}, '0.0': {'precision': 0.20588235294117646, 'recall': 0.2222222222222222, 'f1-score': 0.21374045801526717, 'support': 63.0}, '1.0': {'precision': 0.32051282051282054, 'recall': 0.6329113924050633, 'f1-score': 0.425531914893617, 'support': 79.0}, 'accuracy': 0.3008474576271186, 'macro avg': {'precision': 0.36990950226244346, 'recall': 0.3098672332445562, 'f1-score': 0.25711594820233247, 'support': 236.0}, 'weighted avg': {'precision': 0.3945950609709334, 'recall': 0.3008474576271186, 'f1-score': 0.2521091714880518, 'support': 236.0}}","['n_estimators', 'adx_period', 'atr_period', 'cci_period', 'stc_window_slow', 'stc_window_fast', 'stc_cycle', 'stc_smooth1', 'stc_smooth2', 'kst_r1', 'kst_r2', 'kst_r3', 'kst_r4', 'kst_n1', 'kst_n2', 'kst_n3', 'kst_n4', 'kst_signal', 'trix_window', 'mass_window_fast', 'mass_window_slow', 'dpo_window', 'rsi_window', 'awesome_window1', 'awesome_window2']"
AZUL4.SA,25,0.753508859202774,26.130802780342126,58.82352941176471,0.3177966101694915,"{'-1.0': {'precision': 0.5, 'recall': 0.0851063829787234, 'f1-score': 0.14545454545454545, 'support': 94.0}, '0.0': {'precision': 0.22413793103448276, 'recall': 0.20634920634920634, 'f1-score': 0.21487603305785125, 'support': 63.0}, '1.0': {'precision': 0.3333333333333333, 'recall': 0.6835443037974683, 'f1-score': 0.44813278008298757, 'support': 79.0}, 'accuracy': 0.3177966101694915, 'macro avg': {'precision': 0.35249042145593873, 'recall': 0.3249999643751327, 'f1-score': 0.2694877861984614, 'support': 236.0}, 'weighted avg': {'precision': 0.3705678940190921, 'recall': 0.3177966101694915, 'f1-score': 0.2653068092454573, 'support': 236.0}}","['n_estimators', 'adx_period', 'atr_period', 'cci_period', 'stc_window_slow', 'stc_window_fast', 'stc_cycle', 'stc_smooth1', 'stc_smooth2', 'kst_r1', 'kst_r2', 'kst_r3', 'kst_r4', 'kst_n1', 'kst_n2', 'kst_n3', 'kst_n4', 'kst_signal', 'trix_window', 'mass_window_fast', 'mass_window_slow', 'dpo_window', 'rsi_window', 'awesome_window1', 'awesome_window2']"
AZUL4.SA,26,0.753508859202774,-4.439900983047519,50.0,0.3389830508474576,"{'-1.0': {'precision': 0.7142857142857143, 'recall': 0.05319148936170213, 'f1-score': 0.09900990099009901, 'support': 94.0}, '0.0': {'precision': 0.2647058823529412, 'recall': 0.2857142857142857, 'f1-score': 0.2748091603053435, 'support': 63.0}, '1.0': {'precision': 0.35403726708074534, 'recall': 0.7215189873417721, 'f1-score': 0.475, 'support': 79.0}, 'accuracy': 0.3389830508474576, 'macro avg': {'precision': 0.44434295457313366, 'recall': 0.35347492080591997, 'f1-score': 0.28293968709848083, 'support': 236.0}, 'weighted avg': {'precision': 0.47367911792572587, 'recall': 0.3389830508474576, 'f1-score': 0.2718004567470591, 'support': 236.0}}","['n_estimators', 'adx_period', 'atr_period', 'cci_period', 'stc_window_slow', 'stc_window_fast', 'stc_cycle', 'stc_smooth1', 'stc_smooth2', 'kst_r1', 'kst_r2', 'kst_r3', 'kst_r4', 'kst_n1', 'kst_n2', 'kst_n3', 'kst_n4', 'kst_signal', 'trix_window', 'mass_window_fast', 'mass_window_slow', 'dpo_window', 'rsi_window', 'awesome_window1', 'awesome_window2']"
AZUL4.SA,27,0.753508859202774,-8.188604258728047,54.166666666666664,0.2966101694915254,"{'-1.0': {'precision': 0.42105263157894735, 'recall': 0.0851063829787234, 'f1-score': 0.1415929203539823, 'support': 94.0}, '0.0': {'precision': 0.1724137931034483, 'recall': 0.15873015873015872, 'f1-score': 0.1652892561983471, 'support': 63.0}, '1.0': {'precision': 0.3270440251572327, 'recall': 0.6582278481012658, 'f1-score': 0.4369747899159664, 'support': 79.0}, 'accuracy': 0.2966101694915254, 'macro avg': {'precision': 0.30683681661320944, 'recall': 0.30068812993671595, 'f1-score': 0.2479523221560986, 'support': 236.0}, 'weighted avg': {'precision': 0.32320972170067663, 'recall': 0.2966101694915254, 'f1-score': 0.24679646634377772, 'support': 236.0}}","['n_estimators', 'adx_period', 'atr_period', 'cci_period', 'stc_window_slow', 'stc_window_fast', 'stc_cycle', 'stc_smooth1', 'stc_smooth2', 'kst_r1', 'kst_r2', 'kst_r3', 'kst_r4', 'kst_n1', 'kst_n2', 'kst_n3', 'kst_n4', 'kst_signal', 'trix_window', 'mass_window_fast', 'mass_window_slow', 'dpo_window', 'rsi_window', 'awesome_window1', 'awesome_window2']"
PRIO3.SA,3,0.2936438415611818,26.480781658015097,57.14285714285714,0.3305084745762712,"{'-1.0': {'precision': 0.5671641791044776, 'recall': 0.37623762376237624, 'f1-score': 0.4523809523809524, 'support': 101.0}, '0.0': {'precision': 0.22297297297297297, 'recall': 0.6470588235294118, 'f1-score': 0.3316582914572864, 'support': 51.0}, '1.0': {'precision': 0.3333333333333333, 'recall': 0.08333333333333333, 'f1-score': 0.13333333333333333, 'support': 84.0}, 'accuracy': 0.3305084745762712, 'macro avg': {'precision': 0.37449016180359457, 'recall': 0.3688765935417071, 'f1-score': 0.3057908590571907, 'support': 236.0}, 'weighted avg': {'precision': 0.40955594792870276, 'recall': 0.3305084745762712, 'f1-score': 0.3127332587067703, 'support': 236.0}}","['n_estimators', 'adx_period', 'mass_window_fast', 'mass_window_slow']"
PRIO3.SA,4,0.2936438415611818,50.769409455825155,72.5,0.3305084745762712,"{'-1.0': {'precision': 0.4861111111111111, 'recall': 0.3465346534653465, 'f1-score': 0.4046242774566474, 'support': 101.0}, '0.0': {'precision': 0.20610687022900764, 'recall': 0.5294117647058824, 'f1-score': 0.2967032967032967, 'support': 51.0}, '1.0': {'precision': 0.48484848484848486, 'recall': 0.19047619047619047, 'f1-score': 0.27350427350427353, 'support': 84.0}, 'accuracy': 0.3305084745762712, 'macro avg': {'precision': 0.3923554887295346, 'recall': 0.3554742028824731, 'f1-score': 0.32494394922140585, 'support': 236.0}, 'weighted avg': {'precision': 0.425152310725315, 'recall': 0.3305084745762712, 'f1-score': 0.3346325386836801, 'support': 236.0}}","['n_estimators', 'adx_period', 'cci_period', 'mass_window_fast', 'mass_window_slow']"
PRIO3.SA,5,0.2936438415611818,27.830439749233282,63.63636363636363,0.3601694915254237,"{'-1.0': {'precision': 0.5806451612903226, 'recall': 0.3564356435643564, 'f1-score': 0.44171779141104295, 'support': 101.0}, '0.0': {'precision': 0.26174496644295303, 'recall': 0.7647058823529411, 'f1-score': 0.39, 'support': 51.0}, '1.0': {'precision': 0.4, 'recall': 0.11904761904761904, 'f1-score': 0.1834862385321101, 'support': 84.0}, 'accuracy': 0.3601694915254237, 'macro avg': {'precision': 0.4141300425777586, 'recall': 0.41339638165497217, 'f1-score': 0.3384013433143844, 'support': 236.0}, 'weighted avg': {'precision': 0.4474328583852254, 'recall': 0.3601694915254237, 'f1-score': 0.3386285634288669, 'support': 236.0}}","['n_estimators', 'adx_period', 'cci_period', 'mass_window_fast', 'mass_window_slow']"
PRIO3.SA,6,0.2936438415611818,49.97946221530023,75.0,0.3474576271186441,"{'-1.0': {'precision': 0.5972222222222222, 'recall': 0.42574257425742573, 'f1-score': 0.49710982658959535, 'support': 101.0}, '0.0': {'precision': 0.2108843537414966, 'recall': 0.6078431372549019, 'f1-score': 0.31313131313131315, 'support': 51.0}, '1.0': {'precision': 0.47058823529411764, 'recall': 0.09523809523809523, 'f1-score': 0.15841584158415842, 'support': 84.0}, 'accuracy': 0.3474576271186441, 'macro avg': {'precision': 0.42623160375261215, 'recall': 0.37627460225014103, 'f1-score': 0.3228856604350223, 'support': 236.0}, 'weighted avg': {'precision': 0.4686608400422316, 'recall': 0.3474576271186441, 'f1-score': 0.33679966164540426, 'support': 236.0}}","['n_estimators', 'adx_period', 'cci_period', 'mass_window_fast', 'mass_window_slow']"
PRIO3.SA,7,0.2936438415611818,24.366464281188982,66.66666666666666,0.3389830508474576,"{'-1.0': {'precision': 0.5652173913043478, 'recall': 0.38613861386138615, 'f1-score': 0.4588235294117647, 'support': 101.0}, '0.0': {'precision': 0.23134328358208955, 'recall': 0.6078431372549019, 'f1-score': 0.33513513513513515, 'support': 51.0}, '1.0': {'precision': 0.30303030303030304, 'recall': 0.11904761904761904, 'f1-score': 0.17094017094017094, 'support': 84.0}, 'accuracy': 0.3389830508474576, 'macro avg': {'precision': 0.3665303259722468, 'recall': 0.3710097900546357, 'f1-score': 0.32163294516235696, 'support': 236.0}, 'weighted avg': {'precision': 0.39974580270750487, 'recall': 0.3389830508474576, 'f1-score': 0.3296272996671801, 'support': 236.0}}","['n_estimators', 'adx_period', 'cci_period', 'mass_window_fast', 'mass_window_slow', 'rsi_window']"
PRIO3.SA,8,0.2936438415611818,37.24227801392086,64.28571428571429,0.326271186440678,"{'-1.0': {'precision': 0.5666666666666667, 'recall': 0.33663366336633666, 'f1-score': 0.422360248447205, 'support': 101.0}, '0.0': {'precision': 0.21830985915492956, 'recall': 0.6078431372549019, 'f1-score': 0.32124352331606215, 'support': 51.0}, '1.0': {'precision': 0.35294117647058826, 'recall': 0.14285714285714285, 'f1-score': 0.2033898305084746, 'support': 84.0}, 'accuracy': 0.326271186440678, 'macro avg': {'precision': 0.3793059007640615, 'recall': 0.3624446478261271, 'f1-score': 0.31566453409058054, 'support': 236.0}, 'weighted avg': {'precision': 0.41531438548205146, 'recall': 0.326271186440678, 'f1-score': 0.32257012942796076, 'support': 236.0}}","['n_estimators', 'adx_period', 'cci_period', 'mass_window_fast', 'mass_window_slow', 'rsi_window']"
PRIO3.SA,9,0.2936438415611818,61.2413668764014,77.5,0.3644067796610169,"{'-1.0': {'precision': 0.5348837209302325, 'recall': 0.45544554455445546, 'f1-score': 0.4919786096256685, 'support': 101.0}, '0.0': {'precision': 0.23809523809523808, 'recall': 0.5882352941176471, 'f1-score': 0.3389830508474576, 'support': 51.0}, '1.0': {'precision': 0.4166666666666667, 'recall': 0.11904761904761904, 'f1-score': 0.18518518518518517, 'support': 84.0}, 'accuracy': 0.3644067796610169, 'macro avg': {'precision': 0.3965485418973791, 'recall': 0.3875761525732406, 'f1-score': 0.33871561521943705, 'support': 236.0}, 'weighted avg': {'precision': 0.4286699701559772, 'recall': 0.3644067796610169, 'f1-score': 0.34971835051257805, 'support': 236.0}}","['n_estimators', 'adx_period', 'cci_period', 'mass_window_fast', 'mass_window_slow', 'dpo_window', 'rsi_window']"
PRIO3.SA,10,0.2936438415611818,28.046863626735828,63.63636363636363,0.3771186440677966,"{'-1.0': {'precision': 0.5882352941176471, 'recall': 0.39603960396039606, 'f1-score': 0.47337278106508873, 'support': 101.0}, '0.0': {'precision': 0.2620689655172414, 'recall': 0.7450980392156863, 'f1-score': 0.3877551020408163, 'support': 51.0}, '1.0': {'precision': 0.4782608695652174, 'recall': 0.13095238095238096, 'f1-score': 0.205607476635514, 'support': 84.0}, 'accuracy': 0.3771186440677966, 'macro avg': {'precision': 0.442855043066702, 'recall': 0.42403000804282104, 'f1-score': 0.3555784532471397, 'support': 236.0}, 'weighted avg': {'precision': 0.47860675843533873, 'recall': 0.3771186440677966, 'f1-score': 0.35956436071626596, 'support': 236.0}}","['n_estimators', 'adx_period', 'cci_period', 'mass_window_fast', 'mass_window_slow', 'dpo_window', 'rsi_window']"
PRIO3.SA,11,0.2936438415611818,51.81057044912354,64.51612903225806,0.3347457627118644,"{'-1.0': {'precision': 0.5384615384615384, 'recall': 0.3465346534653465, 'f1-score': 0.42168674698795183, 'support': 101.0}, '0.0': {'precision': 0.2348993288590604, 'recall': 0.6862745098039216, 'f1-score': 0.35, 'support': 51.0}, '1.0': {'precision': 0.4090909090909091, 'recall': 0.10714285714285714, 'f1-score': 0.16981132075471697, 'support': 84.0}, 'accuracy': 0.3347457627118644, 'macro avg': {'precision': 0.3941505921371693, 'recall': 0.3799840068040418, 'f1-score': 0.31383268924755625, 'support': 236.0}, 'weighted avg': {'precision': 0.426814057288406, 'recall': 0.3347457627118644, 'f1-score': 0.3165445440219465, 'support': 236.0}}","['n_estimators', 'adx_period', 'atr_period', 'cci_period', 'mass_window_fast', 'mass_window_slow', 'dpo_window', 'rsi_window']"
PRIO3.SA,12,0.2936438415611818,26.047975334433577,66.66666666666666,0.3008474576271186,"{'-1.0': {'precision': 0.5142857142857142, 'recall': 0.3564356435643564, 'f1-score': 0.42105263157894735, 'support': 101.0}, '0.0': {'precision': 0.2028985507246377, 'recall': 0.5490196078431373, 'f1-score': 0.2962962962962963, 'support': 51.0}, '1.0': {'precision': 0.25, 'recall': 0.08333333333333333, 'f1-score': 0.125, 'support': 84.0}, 'accuracy': 0.3008474576271186, 'macro avg': {'precision': 0.32239475500345066, 'recall': 0.32959619491360903, 'f1-score': 0.28078297595841456, 'support': 236.0}, 'weighted avg': {'precision': 0.3529266238551426, 'recall': 0.3008474576271186, 'f1-score': 0.2887179105956983, 'support': 236.0}}","['n_estimators', 'adx_period', 'atr_period', 'cci_period', 'mass_window_fast', 'mass_window_slow', 'dpo_window', 'rsi_window']"
PRIO3.SA,13,0.2936438415611818,33.73359587046876,58.536585365853654,0.3305084745762712,"{'-1.0': {'precision': 0.49206349206349204, 'recall': 0.3069306930693069, 'f1-score': 0.3780487804878049, 'support': 101.0}, '0.0': {'precision': 0.23809523809523808, 'recall': 0.6862745098039216, 'f1-score': 0.35353535353535354, 'support': 51.0}, '1.0': {'precision': 0.46153846153846156, 'recall': 0.14285714285714285, 'f1-score': 0.21818181818181817, 'support': 84.0}, 'accuracy': 0.3305084745762712, 'macro avg': {'precision': 0.3972323972323972, 'recall': 0.37868744857679043, 'f1-score': 0.31658865073499215, 'support': 236.0}, 'weighted avg': {'precision': 0.4263156805529687, 'recall': 0.3305084745762712, 'f1-score': 0.31584958723239, 'support': 236.0}}","['n_estimators', 'adx_period', 'atr_period', 'cci_period', 'mass_window_fast', 'mass_window_slow', 'dpo_window', 'rsi_window']"
PRIO3.SA,14,0.2936438415611818,31.40921828749026,56.75675675675676,0.3516949152542373,"{'-1.0': {'precision': 0.5507246376811594, 'recall': 0.37623762376237624, 'f1-score': 0.4470588235294118, 'support': 101.0}, '0.0': {'precision': 0.23972602739726026, 'recall': 0.6862745098039216, 'f1-score': 0.3553299492385787, 'support': 51.0}, '1.0': {'precision': 0.47619047619047616, 'recall': 0.11904761904761904, 'f1-score': 0.19047619047619047, 'support': 84.0}, 'accuracy': 0.3516949152542373, 'macro avg': {'precision': 0.4222137137562986, 'recall': 0.3938532508713057, 'f1-score': 0.3309549877480603, 'support': 236.0}, 'weighted avg': {'precision': 0.45698820255532785, 'recall': 0.3516949152542373, 'f1-score': 0.3359100363882971, 'support': 236.0}}","['n_estimators', 'adx_period', 'atr_period', 'cci_period', 'stc_window_slow', 'stc_window_fast', 'stc_cycle', 'stc_smooth1', 'stc_smooth2', 'mass_window_fast', 'mass_window_slow', 'dpo_window', 'rsi_window']"
PRIO3.SA,15,0.2936438415611818,44.7325968712012,81.81818181818183,0.326271186440678,"{'-1.0': {'precision': 0.6086956521739131, 'recall': 0.27722772277227725, 'f1-score': 0.38095238095238093, 'support': 101.0}, '0.0': {'precision': 0.23837209302325582, 'recall': 0.803921568627451, 'f1-score': 0.36771300448430494, 'support': 51.0}, '1.0': {'precision': 0.4444444444444444, 'recall': 0.09523809523809523, 'f1-score': 0.1568627450980392, 'support': 84.0}, 'accuracy': 0.326271186440678, 'macro avg': {'precision': 0.4305040632138711, 'recall': 0.39212912887927454, 'f1-score': 0.30184271017824166, 'support': 236.0}, 'weighted avg': {'precision': 0.47020580909781606, 'recall': 0.326271186440678, 'f1-score': 0.29833061141154793, 'support': 236.0}}","['n_estimators', 'adx_period', 'atr_period', 'cci_period', 'stc_window_slow', 'stc_window_fast', 'stc_cycle', 'stc_smooth1', 'stc_smooth2', 'mass_window_fast', 'mass_window_slow', 'dpo_window', 'rsi_window']"
PRIO3.SA,16,0.2936438415611818,34.19483667372795,73.17073170731707,0.3474576271186441,"{'-1.0': {'precision': 0.47, 'recall': 0.46534653465346537, 'f1-score': 0.46766169154228854, 'support': 101.0}, '0.0': {'precision': 0.22018348623853212, 'recall': 0.47058823529411764, 'f1-score': 0.3, 'support': 51.0}, '1.0': {'precision': 0.4074074074074074, 'recall': 0.13095238095238096, 'f1-score': 0.1981981981981982, 'support': 84.0}, 'accuracy': 0.3474576271186441, 'macro avg': {'precision': 0.3658636312153132, 'recall': 0.355629050299988, 'f1-score': 0.3219532965801622, 'support': 236.0}, 'weighted avg': {'precision': 0.39373550856096334, 'recall': 0.3474576271186441, 'f1-score': 0.3355189809085585, 'support': 236.0}}","['n_estimators', 'adx_period', 'atr_period', 'cci_period', 'stc_window_slow', 'stc_window_fast', 'stc_cycle', 'stc_smooth1', 'stc_smooth2', 'mass_window_fast', 'mass_window_slow', 'dpo_window', 'rsi_window']"
PRIO3.SA,17,0.2936438415611818,46.97453641392836,63.41463414634146,0.3432203389830508,"{'-1.0': {'precision': 0.5526315789473685, 'recall': 0.4158415841584158, 'f1-score': 0.4745762711864407, 'support': 101.0}, '0.0': {'precision': 0.20454545454545456, 'recall': 0.5294117647058824, 'f1-score': 0.29508196721311475, 'support': 51.0}, '1.0': {'precision': 0.42857142857142855, 'recall': 0.14285714285714285, 'f1-score': 0.21428571428571427, 'support': 84.0}, 'accuracy': 0.3432203389830508, 'macro avg': {'precision': 0.3952494873547505, 'recall': 0.36270349724048034, 'f1-score': 0.3279813175617566, 'support': 236.0}, 'weighted avg': {'precision': 0.4332525748114508, 'recall': 0.3432203389830508, 'f1-score': 0.3431414564309295, 'support': 236.0}}","['n_estimators', 'adx_period', 'atr_period', 'cci_period', 'stc_window_slow', 'stc_window_fast', 'stc_cycle', 'stc_smooth1', 'stc_smooth2', 'mass_window_fast', 'mass_window_slow', 'dpo_window', 'rsi_window']"
PRIO3.SA,18,0.2936438415611818,36.06445994136963,66.66666666666666,0.3389830508474576,"{'-1.0': {'precision': 0.5535714285714286, 'recall': 0.3069306930693069, 'f1-score': 0.39490445859872614, 'support': 101.0}, '0.0': {'precision': 0.23026315789473684, 'recall': 0.6862745098039216, 'f1-score': 0.3448275862068966, 'support': 51.0}, '1.0': {'precision': 0.5, 'recall': 0.16666666666666666, 'f1-score': 0.25, 'support': 84.0}, 'accuracy': 0.3389830508474576, 'macro avg': {'precision': 0.4279448621553885, 'recall': 0.38662395651329845, 'f1-score': 0.32991068160187426, 'support': 236.0}, 'weighted avg': {'precision': 0.4646361666879062, 'recall': 0.3389830508474576, 'f1-score': 0.3325065983687418, 'support': 236.0}}","['n_estimators', 'adx_period', 'atr_period', 'cci_period', 'stc_window_slow', 'stc_window_fast', 'stc_cycle', 'stc_smooth1', 'stc_smooth2', 'trix_window', 'mass_window_fast', 'mass_window_slow', 'dpo_window', 'rsi_window']"
PRIO3.SA,19,0.2936438415611818,42.762963989455564,60.0,0.3347457627118644,"{'-1.0': {'precision': 0.5517241379310345, 'recall': 0.31683168316831684, 'f1-score': 0.4025157232704403, 'support': 101.0}, '0.0': {'precision': 0.2389937106918239, 'recall': 0.7450980392156863, 'f1-score': 0.3619047619047619, 'support': 51.0}, '1.0': {'precision': 0.47368421052631576, 'recall': 0.10714285714285714, 'f1-score': 0.17475728155339806, 'support': 84.0}, 'accuracy': 0.3347457627118644, 'macro avg': {'precision': 0.42146735304972466, 'recall': 0.3896908598422868, 'f1-score': 0.31305925557620007, 'support': 236.0}, 'weighted avg': {'precision': 0.4563656392395255, 'recall': 0.3347457627118644, 'f1-score': 0.3126730616861982, 'support': 236.0}}","['n_estimators', 'adx_period', 'atr_period', 'cci_period', 'stc_window_slow', 'stc_window_fast', 'stc_cycle', 'stc_smooth1', 'stc_smooth2', 'trix_window', 'mass_window_fast', 'mass_window_slow', 'dpo_window', 'rsi_window']"
PRIO3.SA,20,0.2936438415611818,60.76756412650634,67.56756756756756,0.3474576271186441,"{'-1.0': {'precision': 0.5238095238095238, 'recall': 0.43564356435643564, 'f1-score': 0.4756756756756757, 'support': 101.0}, '0.0': {'precision': 0.203125, 'recall': 0.5098039215686274, 'f1-score': 0.2905027932960894, 'support': 51.0}, '1.0': {'precision': 0.5, 'recall': 0.14285714285714285, 'f1-score': 0.2222222222222222, 'support': 84.0}, 'accuracy': 0.3474576271186441, 'macro avg': {'precision': 0.4089781746031746, 'recall': 0.3627682095940686, 'f1-score': 0.3294668970646624, 'support': 236.0}, 'weighted avg': {'precision': 0.44603447841000804, 'recall': 0.3474576271186441, 'f1-score': 0.34544725579665453, 'support': 236.0}}","['n_estimators', 'adx_period', 'atr_period', 'cci_period', 'stc_window_slow', 'stc_window_fast', 'stc_cycle', 'stc_smooth1', 'stc_smooth2', 'kst_r1', 'kst_r2', 'kst_r3', 'kst_r4', 'kst_n1', 'kst_n2', 'kst_n3', 'kst_n4', 'kst_signal', 'trix_window', 'mass_window_fast', 'mass_window_slow', 'dpo_window', 'rsi_window']"
PRIO3.SA,21,0.2936438415611818,16.123875005061052,50.0,0.3347457627118644,"{'-1.0': {'precision': 0.5138888888888888, 'recall': 0.36633663366336633, 'f1-score': 0.4277456647398844, 'support': 101.0}, '0.0': {'precision': 0.211864406779661, 'recall': 0.49019607843137253, 'f1-score': 0.2958579881656805, 'support': 51.0}, '1.0': {'precision': 0.3695652173913043, 'recall': 0.20238095238095238, 'f1-score': 0.26153846153846155, 'support': 84.0}, 'accuracy': 0.3347457627118644, 'macro avg': {'precision': 0.3651061710199514, 'recall': 0.352971221491897, 'f1-score': 0.32838070481467546, 'support': 236.0}, 'weighted avg': {'precision': 0.3972514440017375, 'recall': 0.3347457627118644, 'f1-score': 0.3400860182390203, 'support': 236.0}}","['n_estimators', 'adx_period', 'atr_period', 'cci_period', 'stc_window_slow', 'stc_window_fast', 'stc_cycle', 'stc_smooth1', 'stc_smooth2', 'kst_r1', 'kst_r2', 'kst_r3', 'kst_r4', 'kst_n1', 'kst_n2', 'kst_n3', 'kst_n4', 'kst_signal', 'trix_window', 'mass_window_fast', 'mass_window_slow', 'dpo_window', 'rsi_window']"
PRIO3.SA,22,0.2936438415611818,22.663349830773896,57.14285714285714,0.3135593220338983,"{'-1.0': {'precision': 0.546875, 'recall': 0.3465346534653465, 'f1-score': 0.42424242424242425, 'support': 101.0}, '0.0': {'precision': 0.2054794520547945, 'recall': 0.5882352941176471, 'f1-score': 0.30456852791878175, 'support': 51.0}, '1.0': {'precision': 0.34615384615384615, 'recall': 0.10714285714285714, 'f1-score': 0.16363636363636364, 'support': 84.0}, 'accuracy': 0.3135593220338983, 'macro avg': {'precision': 0.36616943273621355, 'recall': 0.34730426824195026, 'f1-score': 0.2974824385991899, 'support': 236.0}, 'weighted avg': {'precision': 0.4016557208971085, 'recall': 0.3135593220338983, 'f1-score': 0.30562260304151384, 'support': 236.0}}","['n_estimators', 'adx_period', 'atr_period', 'cci_period', 'stc_window_slow', 'stc_window_fast', 'stc_cycle', 'stc_smooth1', 'stc_smooth2', 'kst_r1', 'kst_r2', 'kst_r3', 'kst_r4', 'kst_n1', 'kst_n2', 'kst_n3', 'kst_n4', 'kst_signal', 'trix_window', 'mass_window_fast', 'mass_window_slow', 'dpo_window', 'rsi_window']"
PRIO3.SA,23,0.2936438415611818,38.879198060744656,67.44186046511628,0.3389830508474576,"{'-1.0': {'precision': 0.5063291139240507, 'recall': 0.39603960396039606, 'f1-score': 0.4444444444444444, 'support': 101.0}, '0.0': {'precision': 0.23134328358208955, 'recall': 0.6078431372549019, 'f1-score': 0.33513513513513515, 'support': 51.0}, '1.0': {'precision': 0.391304347826087, 'recall': 0.10714285714285714, 'f1-score': 0.16822429906542055, 'support': 84.0}, 'accuracy': 0.3389830508474576, 'macro avg': {'precision': 0.3763255817774091, 'recall': 0.3703418661193851, 'f1-score': 0.31593462621500007, 'support': 236.0}, 'weighted avg': {'precision': 0.4059631914678262, 'recall': 0.3389830508474576, 'f1-score': 0.3225068724672716, 'support': 236.0}}","['n_estimators', 'adx_period', 'atr_period', 'cci_period', 'stc_window_slow', 'stc_window_fast', 'stc_cycle', 'stc_smooth1', 'stc_smooth2', 'kst_r1', 'kst_r2', 'kst_r3', 'kst_r4', 'kst_n1', 'kst_n2', 'kst_n3', 'kst_n4', 'kst_signal', 'trix_window', 'mass_window_fast', 'mass_window_slow', 'dpo_window', 'rsi_window']"
PRIO3.SA,24,0.2936438415611818,66.5553548283301,65.71428571428571,0.3728813559322034,"{'-1.0': {'precision': 0.6376811594202898, 'recall': 0.43564356435643564, 'f1-score': 0.5176470588235295, 'support': 101.0}, '0.0': {'precision': 0.2357142857142857, 'recall': 0.6470588235294118, 'f1-score': 0.34554973821989526, 'support': 51.0}, '1.0': {'precision': 0.4074074074074074, 'recall': 0.13095238095238096, 'f1-score': 0.1981981981981982, 'support': 84.0}, 'accuracy': 0.3728813559322034, 'macro avg': {'precision': 0.426934284180661, 'recall': 0.4045515896127428, 'f1-score': 0.3537983317472076, 'support': 236.0}, 'weighted avg': {'precision': 0.4688535927758477, 'recall': 0.3728813559322034, 'f1-score': 0.36675439931796516, 'support': 236.0}}","['n_estimators', 'adx_period', 'atr_period', 'cci_period', 'stc_window_slow', 'stc_window_fast', 'stc_cycle', 'stc_smooth1', 'stc_smooth2', 'kst_r1', 'kst_r2', 'kst_r3', 'kst_r4', 'kst_n1', 'kst_n2', 'kst_n3', 'kst_n4', 'kst_signal', 'trix_window', 'mass_window_fast', 'mass_window_slow', 'dpo_window', 'rsi_window', 'awesome_window1', 'awesome_window2']"
PRIO3.SA,25,0.2936438415611818,18.205867900966823,60.0,0.3347457627118644,"{'-1.0': {'precision': 0.4367816091954023, 'recall': 0.37623762376237624, 'f1-score': 0.40425531914893614, 'support': 101.0}, '0.0': {'precision': 0.23809523809523808, 'recall': 0.5882352941176471, 'f1-score': 0.3389830508474576, 'support': 51.0}, '1.0': {'precision': 0.4782608695652174, 'recall': 0.13095238095238096, 'f1-score': 0.205607476635514, 'support': 84.0}, 'accuracy': 0.3347457627118644, 'macro avg': {'precision': 0.38437923895195264, 'recall': 0.3651417662774681, 'f1-score': 0.3162819488773026, 'support': 236.0}, 'weighted avg': {'precision': 0.4086089521825044, 'recall': 0.3347457627118644, 'f1-score': 0.319444707053585, 'support': 236.0}}","['n_estimators', 'adx_period', 'atr_period', 'cci_period', 'stc_window_slow', 'stc_window_fast', 'stc_cycle', 'stc_smooth1', 'stc_smooth2', 'kst_r1', 'kst_r2', 'kst_r3', 'kst_r4', 'kst_n1', 'kst_n2', 'kst_n3', 'kst_n4', 'kst_signal', 'trix_window', 'mass_window_fast', 'mass_window_slow', 'dpo_window', 'rsi_window', 'awesome_window1', 'awesome_window2']"
PRIO3.SA,26,0.2936438415611818,38.65825728970705,60.60606060606061,0.3305084745762712,"{'-1.0': {'precision': 0.5714285714285714, 'recall': 0.31683168316831684, 'f1-score': 0.40764331210191085, 'support': 101.0}, '0.0': {'precision': 0.2116788321167883, 'recall': 0.5686274509803921, 'f1-score': 0.30851063829787234, 'support': 51.0}, '1.0': {'precision': 0.3953488372093023, 'recall': 0.20238095238095238, 'f1-score': 0.2677165354330709, 'support': 84.0}, 'accuracy': 0.3305084745762712, 'macro avg': {'precision': 0.39281874691822066, 'recall': 0.36261336217655377, 'f1-score': 0.3279568286109513, 'support': 236.0}, 'weighted avg': {'precision': 0.431013595245014, 'recall': 0.3305084745762712, 'f1-score': 0.33641612733840015, 'support': 236.0}}","['n_estimators', 'adx_period', 'atr_period', 'cci_period', 'stc_window_slow', 'stc_window_fast', 'stc_cycle', 'stc_smooth1', 'stc_smooth2', 'kst_r1', 'kst_r2', 'kst_r3', 'kst_r4', 'kst_n1', 'kst_n2', 'kst_n3', 'kst_n4', 'kst_signal', 'trix_window', 'mass_window_fast', 'mass_window_slow', 'dpo_window', 'rsi_window', 'awesome_window1', 'awesome_window2']"
PRIO3.SA,27,0.2936438415611818,57.55174774334715,66.66666666666666,0.3389830508474576,"{'-1.0': {'precision': 0.5555555555555556, 'recall': 0.39603960396039606, 'f1-score': 0.4624277456647399, 'support': 101.0}, '0.0': {'precision': 0.2127659574468085, 'recall': 0.5882352941176471, 'f1-score': 0.3125, 'support': 51.0}, '1.0': {'precision': 0.43478260869565216, 'recall': 0.11904761904761904, 'f1-score': 0.18691588785046728, 'support': 84.0}, 'accuracy': 0.3389830508474576, 'macro avg': {'precision': 0.4010347072326721, 'recall': 0.36777417237522075, 'f1-score': 0.32061454450506904, 'support': 236.0}, 'weighted avg': {'precision': 0.4384911613192082, 'recall': 0.3389830508474576, 'f1-score': 0.33196456309990674, 'support': 236.0}}","['n_estimators', 'adx_period', 'atr_period', 'cci_period', 'stc_window_slow', 'stc_window_fast', 'stc_cycle', 'stc_smooth1', 'stc_smooth2', 'kst_r1', 'kst_r2', 'kst_r3', 'kst_r4', 'kst_n1', 'kst_n2', 'kst_n3', 'kst_n4', 'kst_signal', 'trix_window', 'mass_window_fast', 'mass_window_slow', 'dpo_window', 'rsi_window', 'awesome_window1', 'awesome_window2']"
TSLA,3,0.6288776923363669,-14.60800116189457,46.42857142857143,0.3418803418803419,"{'-1.0': {'precision': 0.5384615384615384, 'recall': 0.18181818181818182, 'f1-score': 0.27184466019417475, 'support': 77.0}, '0.0': {'precision': 0.3161290322580645, 'recall': 0.6533333333333333, 'f1-score': 0.4260869565217391, 'support': 75.0}, '1.0': {'precision': 0.32075471698113206, 'recall': 0.2073170731707317, 'f1-score': 0.2518518518518518, 'support': 82.0}, 'accuracy': 0.3418803418803419, 'macro avg': {'precision': 0.3917817625669116, 'recall': 0.34748952944074896, 'f1-score': 0.31659448952258856, 'support': 234.0}, 'weighted avg': {'precision': 0.3909106951852399, 'recall': 0.3418803418803419, 'f1-score': 0.3142752667774946, 'support': 234.0}}","['n_estimators', 'cci_period', 'mass_window_fast', 'mass_window_slow']"
TSLA,4,0.6288776923363669,-20.14858834850593,39.285714285714285,0.3076923076923077,"{'-1.0': {'precision': 0.5384615384615384, 'recall': 0.18181818181818182, 'f1-score': 0.27184466019417475, 'support': 77.0}, '0.0': {'precision': 0.275, 'recall': 0.5866666666666667, 'f1-score': 0.37446808510638296, 'support': 75.0}, '1.0': {'precision': 0.2916666666666667, 'recall': 0.17073170731707318, 'f1-score': 0.2153846153846154, 'support': 82.0}, 'accuracy': 0.3076923076923077, 'macro avg': {'precision': 0.3683760683760684, 'recall': 0.31307218526730723, 'f1-score': 0.2872324535617244, 'support': 234.0}, 'weighted avg': {'precision': 0.3675350646504493, 'recall': 0.3076923076923077, 'f1-score': 0.28495163965584885, 'support': 234.0}}","['n_estimators', 'adx_period', 'cci_period', 'mass_window_fast', 'mass_window_slow']"
TSLA,5,0.6288776923363669,-10.205994014902389,41.37931034482759,0.358974358974359,"{'-1.0': {'precision': 0.42857142857142855, 'recall': 0.15584415584415584, 'f1-score': 0.22857142857142856, 'support': 77.0}, '0.0': {'precision': 0.3312883435582822, 'recall': 0.72, 'f1-score': 0.453781512605042, 'support': 75.0}, '1.0': {'precision': 0.4186046511627907, 'recall': 0.21951219512195122, 'f1-score': 0.288, 'support': 82.0}, 'accuracy': 0.358974358974359, 'macro avg': {'precision': 0.3928214744308338, 'recall': 0.36511878365536904, 'f1-score': 0.32345098039215686, 'support': 234.0}, 'weighted avg': {'precision': 0.3938983212060684, 'recall': 0.358974358974359, 'f1-score': 0.32157954463836813, 'support': 234.0}}","['n_estimators', 'adx_period', 'atr_period', 'cci_period', 'mass_window_fast', 'mass_window_slow']"
TSLA,6,0.6288776923363669,-19.643601736152434,38.88888888888889,0.2863247863247863,"{'-1.0': {'precision': 0.47619047619047616, 'recall': 0.12987012987012986, 'f1-score': 0.20408163265306123, 'support': 77.0}, '0.0': {'precision': 0.2822085889570552, 'recall': 0.6133333333333333, 'f1-score': 0.3865546218487395, 'support': 75.0}, '1.0': {'precision': 0.22, 'recall': 0.13414634146341464, 'f1-score': 0.16666666666666666, 'support': 82.0}, 'accuracy': 0.2863247863247863, 'macro avg': {'precision': 0.3261330217158438, 'recall': 0.29244993488895926, 'f1-score': 0.25243430705615577, 'support': 234.0}, 'weighted avg': {'precision': 0.32424064460874275, 'recall': 0.2863247863247863, 'f1-score': 0.2494553376906318, 'support': 234.0}}","['n_estimators', 'adx_period', 'atr_period', 'cci_period', 'mass_window_fast', 'mass_window_slow', 'rsi_window']"
TSLA,7,0.6288776923363669,22.73020458507808,52.17391304347826,0.34615384615384615,"{'-1.0': {'precision': 0.6190476190476191, 'recall': 0.16883116883116883, 'f1-score': 0.2653061224489796, 'support': 77.0}, '0.0': {'precision': 0.32, 'recall': 0.7466666666666667, 'f1-score': 0.448, 'support': 75.0}, '1.0': {'precision': 0.3157894736842105, 'recall': 0.14634146341463414, 'f1-score': 0.2, 'support': 82.0}, 'accuracy': 0.34615384615384615, 'macro avg': {'precision': 0.41827903091060986, 'recall': 0.35394643297082323, 'f1-score': 0.3044353741496599, 'support': 234.0}, 'weighted avg': {'precision': 0.4169290748238117, 'recall': 0.34615384615384615, 'f1-score': 0.30097680097680096, 'support': 234.0}}","['n_estimators', 'adx_period', 'atr_period', 'cci_period', 'mass_window_fast', 'mass_window_slow']"
TSLA,8,0.6288776923363669,-35.137508637958994,44.0,0.34615384615384615,"{'-1.0': {'precision': 0.5, 'recall': 0.14285714285714285, 'f1-score': 0.2222222222222222, 'support': 77.0}, '0.0': {'precision': 0.32608695652173914, 'recall': 0.8, 'f1-score': 0.46332046332046334, 'support': 75.0}, '1.0': {'precision': 0.35714285714285715, 'recall': 0.12195121951219512, 'f1-score': 0.18181818181818182, 'support': 82.0}, 'accuracy': 0.34615384615384615, 'macro avg': {'precision': 0.3944099378881987, 'recall': 0.35493612078977926, 'f1-score': 0.28912028912028914, 'support': 234.0}, 'weighted avg': {'precision': 0.3941975898497637, 'recall': 0.34615384615384615, 'f1-score': 0.285338618671952, 'support': 234.0}}","['n_estimators', 'adx_period', 'atr_period', 'cci_period', 'mass_window_fast', 'mass_window_slow', 'rsi_window']"
TSLA,9,0.6288776923363669,9.723398208759809,45.83333333333333,0.3247863247863248,"{'-1.0': {'precision': 0.6666666666666666, 'recall': 0.15584415584415584, 'f1-score': 0.25263157894736843, 'support': 77.0}, '0.0': {'precision': 0.3118279569892473, 'recall': 0.7733333333333333, 'f1-score': 0.4444444444444444, 'support': 75.0}, '1.0': {'precision': 0.2, 'recall': 0.07317073170731707, 'f1-score': 0.10714285714285714, 'support': 82.0}, 'accuracy': 0.3247863247863248, 'macro avg': {'precision': 0.392831541218638, 'recall': 0.33411607362826873, 'f1-score': 0.2680729601782233, 'support': 234.0}, 'weighted avg': {'precision': 0.3894035474680636, 'recall': 0.3247863247863248, 'f1-score': 0.26312683417946575, 'support': 234.0}}","['n_estimators', 'adx_period', 'atr_period', 'cci_period', 'mass_window_fast', 'mass_window_slow', 'rsi_window']"
TSLA,10,0.6288776923363669,12.477590016054583,50.0,0.2948717948717949,"{'-1.0': {'precision': 0.52, 'recall': 0.16883116883116883, 'f1-score': 0.2549019607843137, 'support': 77.0}, '0.0': {'precision': 0.2727272727272727, 'recall': 0.52, 'f1-score': 0.3577981651376147, 'support': 75.0}, '1.0': {'precision': 0.25757575757575757, 'recall': 0.2073170731707317, 'f1-score': 0.22972972972972974, 'support': 82.0}, 'accuracy': 0.2948717948717949, 'macro avg': {'precision': 0.3501010101010101, 'recall': 0.29871608066730015, 'f1-score': 0.2808099518838861, 'support': 234.0}, 'weighted avg': {'precision': 0.34878528878528875, 'recall': 0.2948717948717949, 'f1-score': 0.27906047522885086, 'support': 234.0}}","['n_estimators', 'adx_period', 'atr_period', 'cci_period', 'mass_window_fast', 'mass_window_slow', 'rsi_window']"
TSLA,11,0.6288776923363669,-5.466492184746185,51.85185185185185,0.3247863247863248,"{'-1.0': {'precision': 0.5263157894736842, 'recall': 0.12987012987012986, 'f1-score': 0.20833333333333334, 'support': 77.0}, '0.0': {'precision': 0.3028571428571429, 'recall': 0.7066666666666667, 'f1-score': 0.424, 'support': 75.0}, '1.0': {'precision': 0.325, 'recall': 0.15853658536585366, 'f1-score': 0.21311475409836064, 'support': 82.0}, 'accuracy': 0.3247863247863248, 'macro avg': {'precision': 0.3847243107769423, 'recall': 0.3316911273008834, 'f1-score': 0.281816029143898, 'support': 234.0}, 'weighted avg': {'precision': 0.38414786967418546, 'recall': 0.3247863247863248, 'f1-score': 0.27913280556723186, 'support': 234.0}}","['n_estimators', 'adx_period', 'atr_period', 'cci_period', 'mass_window_fast', 'mass_window_slow', 'rsi_window']"
TSLA,12,0.6288776923363669,1.8384167405077096,53.84615384615385,0.3333333333333333,"{'-1.0': {'precision': 0.47619047619047616, 'recall': 0.12987012987012986, 'f1-score': 0.20408163265306123, 'support': 77.0}, '0.0': {'precision': 0.3253012048192771, 'recall': 0.72, 'f1-score': 0.44813278008298757, 'support': 75.0}, '1.0': {'precision': 0.2978723404255319, 'recall': 0.17073170731707318, 'f1-score': 0.21705426356589147, 'support': 82.0}, 'accuracy': 0.3333333333333333, 'macro avg': {'precision': 0.3664546738117617, 'recall': 0.34020061239573435, 'f1-score': 0.28975622543398005, 'support': 234.0}, 'weighted avg': {'precision': 0.36534097838891477, 'recall': 0.3333333333333333, 'f1-score': 0.28684911894407217, 'support': 234.0}}","['n_estimators', 'adx_period', 'atr_period', 'cci_period', 'stc_window_slow', 'stc_window_fast', 'stc_cycle', 'stc_smooth1', 'stc_smooth2', 'mass_window_fast', 'mass_window_slow', 'rsi_window']"
TSLA,13,0.6288776923363669,-20.441905853418028,48.0,0.2948717948717949,"{'-1.0': {'precision': 0.42857142857142855, 'recall': 0.15584415584415584, 'f1-score': 0.22857142857142856, 'support': 77.0}, '0.0': {'precision': 0.28846153846153844, 'recall': 0.6, 'f1-score': 0.38961038961038963, 'support': 75.0}, '1.0': {'precision': 0.24, 'recall': 0.14634146341463414, 'f1-score': 0.18181818181818182, 'support': 82.0}, 'accuracy': 0.2948717948717949, 'macro avg': {'precision': 0.31901098901098895, 'recall': 0.30072853975292996, 'f1-score': 0.26666666666666666, 'support': 234.0}, 'weighted avg': {'precision': 0.3175838264299803, 'recall': 0.2948717948717949, 'f1-score': 0.2638028638028638, 'support': 234.0}}","['n_estimators', 'adx_period', 'atr_period', 'cci_period', 'stc_window_slow', 'stc_window_fast', 'stc_cycle', 'stc_smooth1', 'stc_smooth2', 'mass_window_fast', 'mass_window_slow', 'rsi_window']"
TSLA,14,0.6288776923363669,3.3190905786621263,61.76470588235294,0.3504273504273504,"{'-1.0': {'precision': 0.5, 'recall': 0.18181818181818182, 'f1-score': 0.26666666666666666, 'support': 77.0}, '0.0': {'precision': 0.32051282051282054, 'recall': 0.6666666666666666, 'f1-score': 0.4329004329004329, 'support': 75.0}, '1.0': {'precision': 0.36, 'recall': 0.21951219512195122, 'f1-score': 0.2727272727272727, 'support': 82.0}, 'accuracy': 0.3504273504273504, 'macro avg': {'precision': 0.3935042735042735, 'recall': 0.35599901453559984, 'f1-score': 0.32409812409812405, 'support': 234.0}, 'weighted avg': {'precision': 0.3934122287968442, 'recall': 0.3504273504273504, 'f1-score': 0.32207052207052206, 'support': 234.0}}","['n_estimators', 'adx_period', 'atr_period', 'cci_period', 'stc_window_slow', 'stc_window_fast', 'stc_cycle', 'stc_smooth1', 'stc_smooth2', 'mass_window_fast', 'mass_window_slow', 'dpo_window', 'rsi_window']"
TSLA,15,0.6288776923363669,-54.928201455957016,37.03703703703704,0.358974358974359,"{'-1.0': {'precision': 0.5625, 'recall': 0.23376623376623376, 'f1-score': 0.3302752293577982, 'support': 77.0}, '0.0': {'precision': 0.3433734939759036, 'recall': 0.76, 'f1-score': 0.4730290456431535, 'support': 75.0}, '1.0': {'precision': 0.25, 'recall': 0.10975609756097561, 'f1-score': 0.15254237288135594, 'support': 82.0}, 'accuracy': 0.358974358974359, 'macro avg': {'precision': 0.38529116465863456, 'recall': 0.36784077710906976, 'f1-score': 0.3186155492941026, 'support': 234.0}, 'weighted avg': {'precision': 0.3827585984965503, 'recall': 0.358974358974359, 'f1-score': 0.3137472036754622, 'support': 234.0}}","['n_estimators', 'adx_period', 'atr_period', 'cci_period', 'stc_window_slow', 'stc_window_fast', 'stc_cycle', 'stc_smooth1', 'stc_smooth2', 'trix_window', 'mass_window_fast', 'mass_window_slow', 'dpo_window', 'rsi_window']"
TSLA,16,0.6288776923363669,-10.158906713671895,43.75,0.33760683760683763,"{'-1.0': {'precision': 0.5862068965517241, 'recall': 0.22077922077922077, 'f1-score': 0.32075471698113206, 'support': 77.0}, '0.0': {'precision': 0.30128205128205127, 'recall': 0.6266666666666667, 'f1-score': 0.4069264069264069, 'support': 75.0}, '1.0': {'precision': 0.30612244897959184, 'recall': 0.18292682926829268, 'f1-score': 0.22900763358778625, 'support': 82.0}, 'accuracy': 0.33760683760683763, 'macro avg': {'precision': 0.39787046560445577, 'recall': 0.34345757223806, 'f1-score': 0.3188962524984417, 'support': 234.0}, 'weighted avg': {'precision': 0.3967355799015519, 'recall': 0.33760683760683763, 'f1-score': 0.31622316103088105, 'support': 234.0}}","['n_estimators', 'adx_period', 'atr_period', 'cci_period', 'stc_window_slow', 'stc_window_fast', 'stc_cycle', 'stc_smooth1', 'stc_smooth2', 'trix_window', 'mass_window_fast', 'mass_window_slow', 'dpo_window', 'rsi_window']"
TSLA,17,0.6288776923363669,10.433099490771419,56.25,0.3504273504273504,"{'-1.0': {'precision': 0.5416666666666666, 'recall': 0.16883116883116883, 'f1-score': 0.25742574257425743, 'support': 77.0}, '0.0': {'precision': 0.32934131736526945, 'recall': 0.7333333333333333, 'f1-score': 0.45454545454545453, 'support': 75.0}, '1.0': {'precision': 0.32558139534883723, 'recall': 0.17073170731707318, 'f1-score': 0.224, 'support': 82.0}, 'accuracy': 0.3504273504273504, 'macro avg': {'precision': 0.3988631264602578, 'recall': 0.35763206982719176, 'f1-score': 0.311990399039904, 'support': 234.0}, 'weighted avg': {'precision': 0.39789148100142385, 'recall': 0.3504273504273504, 'f1-score': 0.3088918430304569, 'support': 234.0}}","['n_estimators', 'adx_period', 'atr_period', 'cci_period', 'stc_window_slow', 'stc_window_fast', 'stc_cycle', 'stc_smooth1', 'stc_smooth2', 'mass_window_fast', 'mass_window_slow', 'dpo_window', 'rsi_window']"
TSLA,18,0.6288776923363669,-13.88510703132817,53.57142857142857,0.2863247863247863,"{'-1.0': {'precision': 0.5217391304347826, 'recall': 0.15584415584415584, 'f1-score': 0.24, 'support': 77.0}, '0.0': {'precision': 0.27564102564102566, 'recall': 0.5733333333333334, 'f1-score': 0.3722943722943723, 'support': 75.0}, '1.0': {'precision': 0.21818181818181817, 'recall': 0.14634146341463414, 'f1-score': 0.17518248175182483, 'support': 82.0}, 'accuracy': 0.2863247863247863, 'macro avg': {'precision': 0.3385206580858755, 'recall': 0.2918396508640411, 'f1-score': 0.2624922846820657, 'support': 234.0}, 'weighted avg': {'precision': 0.3364867481088217, 'recall': 0.2863247863247863, 'f1-score': 0.25968821122105795, 'support': 234.0}}","['n_estimators', 'adx_period', 'atr_period', 'cci_period', 'stc_window_slow', 'stc_window_fast', 'stc_cycle', 'stc_smooth1', 'stc_smooth2', 'trix_window', 'mass_window_fast', 'mass_window_slow', 'dpo_window', 'rsi_window']"
TSLA,19,0.6288776923363669,-31.13281249175791,42.857142857142854,0.32051282051282054,"{'-1.0': {'precision': 0.45454545454545453, 'recall': 0.12987012987012986, 'f1-score': 0.20202020202020202, 'support': 77.0}, '0.0': {'precision': 0.3141025641025641, 'recall': 0.6533333333333333, 'f1-score': 0.42424242424242425, 'support': 75.0}, '1.0': {'precision': 0.2857142857142857, 'recall': 0.1951219512195122, 'f1-score': 0.2318840579710145, 'support': 82.0}, 'accuracy': 0.32051282051282054, 'macro avg': {'precision': 0.3514541014541015, 'recall': 0.32610847147432515, 'f1-score': 0.2860488947445469, 'support': 234.0}, 'weighted avg': {'precision': 0.35036864844557153, 'recall': 0.32051282051282054, 'f1-score': 0.28371038515966057, 'support': 234.0}}","['n_estimators', 'adx_period', 'atr_period', 'cci_period', 'stc_window_slow', 'stc_window_fast', 'stc_cycle', 'stc_smooth1', 'stc_smooth2', 'kst_r1', 'kst_r2', 'kst_r3', 'kst_r4', 'kst_n1', 'kst_n2', 'kst_n3', 'kst_n4', 'kst_signal', 'trix_window', 'mass_window_fast', 'mass_window_slow', 'dpo_window', 'rsi_window']"
TSLA,20,0.6288776923363669,-34.16850264927734,44.44444444444444,0.2863247863247863,"{'-1.0': {'precision': 0.3333333333333333, 'recall': 0.11688311688311688, 'f1-score': 0.17307692307692307, 'support': 77.0}, '0.0': {'precision': 0.29069767441860467, 'recall': 0.6666666666666666, 'f1-score': 0.4048582995951417, 'support': 75.0}, '1.0': {'precision': 0.22857142857142856, 'recall': 0.0975609756097561, 'f1-score': 0.13675213675213677, 'support': 82.0}, 'accuracy': 0.2863247863247863, 'macro avg': {'precision': 0.28420081210778886, 'recall': 0.2937035863865132, 'f1-score': 0.23822911980806719, 'support': 234.0}, 'weighted avg': {'precision': 0.28295662132871435, 'recall': 0.2863247863247863, 'f1-score': 0.23463662718048686, 'support': 234.0}}","['n_estimators', 'adx_period', 'atr_period', 'cci_period', 'stc_window_slow', 'stc_window_fast', 'stc_cycle', 'stc_smooth1', 'stc_smooth2', 'kst_r1', 'kst_r2', 'kst_r3', 'kst_r4', 'kst_n1', 'kst_n2', 'kst_n3', 'kst_n4', 'kst_signal', 'trix_window', 'mass_window_fast', 'mass_window_slow', 'dpo_window', 'rsi_window']"
TSLA,21,0.6288776923363669,-9.191619897324163,32.142857142857146,0.3418803418803419,"{'-1.0': {'precision': 0.5909090909090909, 'recall': 0.16883116883116883, 'f1-score': 0.26262626262626265, 'support': 77.0}, '0.0': {'precision': 0.32515337423312884, 'recall': 0.7066666666666667, 'f1-score': 0.44537815126050423, 'support': 75.0}, '1.0': {'precision': 0.2857142857142857, 'recall': 0.17073170731707318, 'f1-score': 0.21374045801526717, 'support': 82.0}, 'accuracy': 0.3418803418803419, 'macro avg': {'precision': 0.4005922502855019, 'recall': 0.34874318093830287, 'f1-score': 0.3072482906340114, 'support': 234.0}, 'weighted avg': {'precision': 0.3987823696412654, 'recall': 0.3418803418803419, 'f1-score': 0.30406966292312804, 'support': 234.0}}","['n_estimators', 'adx_period', 'atr_period', 'cci_period', 'stc_window_slow', 'stc_window_fast', 'stc_cycle', 'stc_smooth1', 'stc_smooth2', 'kst_r1', 'kst_r2', 'kst_r3', 'kst_r4', 'kst_n1', 'kst_n2', 'kst_n3', 'kst_n4', 'kst_signal', 'trix_window', 'mass_window_fast', 'mass_window_slow', 'dpo_window', 'rsi_window']"
TSLA,22,0.6288776923363669,-1.4215868439649055,54.166666666666664,0.3247863247863248,"{'-1.0': {'precision': 0.5, 'recall': 0.14285714285714285, 'f1-score': 0.2222222222222222, 'support': 77.0}, '0.0': {'precision': 0.30538922155688625, 'recall': 0.68, 'f1-score': 0.4214876033057851, 'support': 75.0}, '1.0': {'precision': 0.3111111111111111, 'recall': 0.17073170731707318, 'f1-score': 0.2204724409448819, 'support': 82.0}, 'accuracy': 0.3247863247863248, 'macro avg': {'precision': 0.37216677755599914, 'recall': 0.3311962833914054, 'f1-score': 0.2880607554909631, 'support': 234.0}, 'weighted avg': {'precision': 0.3714329176405025, 'recall': 0.32478632478632485, 'f1-score': 0.2854761603270312, 'support': 234.0}}","['n_estimators', 'adx_period', 'atr_period', 'cci_period', 'stc_window_slow', 'stc_window_fast', 'stc_cycle', 'stc_smooth1', 'stc_smooth2', 'kst_r1', 'kst_r2', 'kst_r3', 'kst_r4', 'kst_n1', 'kst_n2', 'kst_n3', 'kst_n4', 'kst_signal', 'trix_window', 'mass_window_fast', 'mass_window_slow', 'dpo_window', 'rsi_window', 'awesome_window1', 'awesome_window2']"
TSLA,23,0.6288776923363669,-11.679601036386812,56.25,0.3504273504273504,"{'-1.0': {'precision': 0.5238095238095238, 'recall': 0.14285714285714285, 'f1-score': 0.22448979591836735, 'support': 77.0}, '0.0': {'precision': 0.33766233766233766, 'recall': 0.6933333333333334, 'f1-score': 0.45414847161572053, 'support': 75.0}, '1.0': {'precision': 0.3220338983050847, 'recall': 0.23170731707317074, 'f1-score': 0.2695035460992908, 'support': 82.0}, 'accuracy': 0.3504273504273504, 'macro avg': {'precision': 0.39450191992564876, 'recall': 0.35596593108788227, 'f1-score': 0.3160472712111262, 'support': 234.0}, 'weighted avg': {'precision': 0.39343926632062226, 'recall': 0.3504273504273504, 'f1-score': 0.3138723950300648, 'support': 234.0}}","['n_estimators', 'adx_period', 'atr_period', 'cci_period', 'stc_window_slow', 'stc_window_fast', 'stc_cycle', 'stc_smooth1', 'stc_smooth2', 'kst_r1', 'kst_r2', 'kst_r3', 'kst_r4', 'kst_n1', 'kst_n2', 'kst_n3', 'kst_n4', 'kst_signal', 'trix_window', 'mass_window_fast', 'mass_window_slow', 'dpo_window', 'rsi_window', 'awesome_window1', 'awesome_window2']"
TSLA,24,0.6288776923363669,-31.651514242363245,43.47826086956522,0.3076923076923077,"{'-1.0': {'precision': 0.3793103448275862, 'recall': 0.14285714285714285, 'f1-score': 0.20754716981132076, 'support': 77.0}, '0.0': {'precision': 0.3076923076923077, 'recall': 0.6933333333333334, 'f1-score': 0.4262295081967213, 'support': 75.0}, '1.0': {'precision': 0.25, 'recall': 0.10975609756097561, 'f1-score': 0.15254237288135594, 'support': 82.0}, 'accuracy': 0.3076923076923077, 'macro avg': {'precision': 0.3123342175066313, 'recall': 0.31531552458381723, 'f1-score': 0.262106350296466, 'support': 234.0}, 'weighted avg': {'precision': 0.3110419642249881, 'recall': 0.3076923076923077, 'f1-score': 0.25836247763460246, 'support': 234.0}}","['n_estimators', 'adx_period', 'atr_period', 'cci_period', 'stc_window_slow', 'stc_window_fast', 'stc_cycle', 'stc_smooth1', 'stc_smooth2', 'kst_r1', 'kst_r2', 'kst_r3', 'kst_r4', 'kst_n1', 'kst_n2', 'kst_n3', 'kst_n4', 'kst_signal', 'trix_window', 'mass_window_fast', 'mass_window_slow', 'dpo_window', 'rsi_window', 'awesome_window1', 'awesome_window2']"
TSLA,25,0.6288776923363669,-18.676889845097623,46.666666666666664,0.3333333333333333,"{'-1.0': {'precision': 0.4838709677419355, 'recall': 0.19480519480519481, 'f1-score': 0.2777777777777778, 'support': 77.0}, '0.0': {'precision': 0.31446540880503143, 'recall': 0.6666666666666666, 'f1-score': 0.42735042735042733, 'support': 75.0}, '1.0': {'precision': 0.29545454545454547, 'recall': 0.15853658536585366, 'f1-score': 0.20634920634920634, 'support': 82.0}, 'accuracy': 0.3333333333333333, 'macro avg': {'precision': 0.3645969740005041, 'recall': 0.3400028156125717, 'f1-score': 0.30382580382580376, 'support': 234.0}, 'weighted avg': {'precision': 0.36354804659734663, 'recall': 0.3333333333333333, 'f1-score': 0.3006872045333584, 'support': 234.0}}","['n_estimators', 'adx_period', 'atr_period', 'cci_period', 'stc_window_slow', 'stc_window_fast', 'stc_cycle', 'stc_smooth1', 'stc_smooth2', 'kst_r1', 'kst_r2', 'kst_r3', 'kst_r4', 'kst_n1', 'kst_n2', 'kst_n3', 'kst_n4', 'kst_signal', 'trix_window', 'mass_window_fast', 'mass_window_slow', 'dpo_window', 'rsi_window', 'awesome_window1', 'awesome_window2']"
TSLA,26,0.6288776923363669,8.250699520205089,46.42857142857143,0.3803418803418803,"{'-1.0': {'precision': 0.6363636363636364, 'recall': 0.18181818181818182, 'f1-score': 0.2828282828282828, 'support': 77.0}, '0.0': {'precision': 0.35714285714285715, 'recall': 0.6666666666666666, 'f1-score': 0.46511627906976744, 'support': 75.0}, '1.0': {'precision': 0.3472222222222222, 'recall': 0.3048780487804878, 'f1-score': 0.3246753246753247, 'support': 82.0}, 'accuracy': 0.3803418803418803, 'macro avg': {'precision': 0.4469095719095719, 'recall': 0.3844542990884454, 'f1-score': 0.357539962191125, 'support': 234.0}, 'weighted avg': {'precision': 0.4455467372134039, 'recall': 0.3803418803418803, 'f1-score': 0.3559182706469528, 'support': 234.0}}","['n_estimators', 'adx_period', 'atr_period', 'cci_period', 'stc_window_slow', 'stc_window_fast', 'stc_cycle', 'stc_smooth1', 'stc_smooth2', 'kst_r1', 'kst_r2', 'kst_r3', 'kst_r4', 'kst_n1', 'kst_n2', 'kst_n3', 'kst_n4', 'kst_signal', 'trix_window', 'mass_window_fast', 'mass_window_slow', 'dpo_window', 'rsi_window', 'awesome_window1', 'awesome_window2']"
TSLA,27,0.6288776923363669,31.53610164720696,56.00000000000001,0.31196581196581197,"{'-1.0': {'precision': 0.4642857142857143, 'recall': 0.16883116883116883, 'f1-score': 0.24761904761904763, 'support': 77.0}, '0.0': {'precision': 0.2865853658536585, 'recall': 0.6266666666666667, 'f1-score': 0.39330543933054396, 'support': 75.0}, '1.0': {'precision': 0.30952380952380953, 'recall': 0.15853658536585366, 'f1-score': 0.20967741935483872, 'support': 82.0}, 'accuracy': 0.31196581196581197, 'macro avg': {'precision': 0.35346496322106075, 'recall': 0.3180114736212297, 'f1-score': 0.28353396876814346, 'support': 234.0}, 'weighted avg': {'precision': 0.3530976701708409, 'recall': 0.31196581196581197, 'f1-score': 0.2810176196733087, 'support': 234.0}}","['n_estimators', 'adx_period', 'atr_period', 'cci_period', 'stc_window_slow', 'stc_window_fast', 'stc_cycle', 'stc_smooth1', 'stc_smooth2', 'kst_r1', 'kst_r2', 'kst_r3', 'kst_r4', 'kst_n1', 'kst_n2', 'kst_n3', 'kst_n4', 'kst_signal', 'trix_window', 'mass_window_fast', 'mass_window_slow', 'dpo_window', 'rsi_window', 'awesome_window1', 'awesome_window2']"
VIVA3.SA,3,0.35868494596243344,39.83776655094611,60.416666666666664,0.3855932203389831,"{'-1.0': {'precision': 0.5357142857142857, 'recall': 0.33707865168539325, 'f1-score': 0.41379310344827586, 'support': 89.0}, '0.0': {'precision': 0.33, 'recall': 0.4647887323943662, 'f1-score': 0.38596491228070173, 'support': 71.0}, '1.0': {'precision': 0.35, 'recall': 0.3684210526315789, 'f1-score': 0.358974358974359, 'support': 76.0}, 'accuracy': 0.3855932203389831, 'macro avg': {'precision': 0.40523809523809523, 'recall': 0.39009614557044614, 'f1-score': 0.3862441249011122, 'support': 236.0}, 'weighted avg': {'precision': 0.4140193704600484, 'recall': 0.3855932203389831, 'f1-score': 0.38776756890202396, 'support': 236.0}}",['n_estimators']
VIVA3.SA,4,0.35868494596243344,31.441721733409413,60.0,0.423728813559322,"{'-1.0': {'precision': 0.576271186440678, 'recall': 0.38202247191011235, 'f1-score': 0.4594594594594595, 'support': 89.0}, '0.0': {'precision': 0.3238095238095238, 'recall': 0.4788732394366197, 'f1-score': 0.38636363636363635, 'support': 71.0}, '1.0': {'precision': 0.4444444444444444, 'recall': 0.42105263157894735, 'f1-score': 0.43243243243243246, 'support': 76.0}, 'accuracy': 0.423728813559322, 'macro avg': {'precision': 0.4481750515648821, 'recall': 0.42731611430855976, 'f1-score': 0.4260851760851761, 'support': 236.0}, 'weighted avg': {'precision': 0.45786605746387415, 'recall': 0.423728813559322, 'f1-score': 0.4287651480448091, 'support': 236.0}}","['n_estimators', 'atr_period']"
VIVA3.SA,5,0.35868494596243344,10.664515834887625,50.0,0.3559322033898305,"{'-1.0': {'precision': 0.5, 'recall': 0.29213483146067415, 'f1-score': 0.36879432624113473, 'support': 89.0}, '0.0': {'precision': 0.26666666666666666, 'recall': 0.3380281690140845, 'f1-score': 0.2981366459627329, 'support': 71.0}, '1.0': {'precision': 0.3617021276595745, 'recall': 0.4473684210526316, 'f1-score': 0.4, 'support': 76.0}, 'accuracy': 0.3559322033898305, 'macro avg': {'precision': 0.37612293144208037, 'recall': 0.35917714050913013, 'f1-score': 0.3556436574012893, 'support': 236.0}, 'weighted avg': {'precision': 0.3852656569299195, 'recall': 0.3559322033898305, 'f1-score': 0.3575864275373518, 'support': 236.0}}","['n_estimators', 'atr_period', 'mass_window_fast', 'mass_window_slow']"
VIVA3.SA,6,0.35868494596243344,40.17031455535886,56.75675675675676,0.3898305084745763,"{'-1.0': {'precision': 0.46938775510204084, 'recall': 0.25842696629213485, 'f1-score': 0.3333333333333333, 'support': 89.0}, '0.0': {'precision': 0.2815533980582524, 'recall': 0.4084507042253521, 'f1-score': 0.3333333333333333, 'support': 71.0}, '1.0': {'precision': 0.47619047619047616, 'recall': 0.5263157894736842, 'f1-score': 0.5, 'support': 76.0}, 'accuracy': 0.3898305084745763, 'macro avg': {'precision': 0.4090438764502564, 'recall': 0.39773115333039044, 'f1-score': 0.38888888888888884, 'support': 236.0}, 'weighted avg': {'precision': 0.41506897312158364, 'recall': 0.3898305084745763, 'f1-score': 0.3870056497175141, 'support': 236.0}}","['n_estimators', 'atr_period', 'cci_period', 'mass_window_fast', 'mass_window_slow']"
VIVA3.SA,7,0.35868494596243344,-15.550092607407242,42.22222222222222,0.3389830508474576,"{'-1.0': {'precision': 0.5, 'recall': 0.21348314606741572, 'f1-score': 0.2992125984251969, 'support': 89.0}, '0.0': {'precision': 0.2833333333333333, 'recall': 0.4788732394366197, 'f1-score': 0.35602094240837695, 'support': 71.0}, '1.0': {'precision': 0.34615384615384615, 'recall': 0.35526315789473684, 'f1-score': 0.35064935064935066, 'support': 76.0}, 'accuracy': 0.3389830508474576, 'macro avg': {'precision': 0.3764957264957265, 'recall': 0.34920651446625744, 'f1-score': 0.33529429716097486, 'support': 236.0}, 'weighted avg': {'precision': 0.38527270751847026, 'recall': 0.3389830508474576, 'f1-score': 0.33286762211944043, 'support': 236.0}}","['n_estimators', 'atr_period', 'cci_period', 'mass_window_fast', 'mass_window_slow', 'dpo_window']"
VIVA3.SA,8,0.35868494596243344,19.670604079614222,54.285714285714285,0.3855932203389831,"{'-1.0': {'precision': 0.5106382978723404, 'recall': 0.2696629213483146, 'f1-score': 0.35294117647058826, 'support': 89.0}, '0.0': {'precision': 0.32926829268292684, 'recall': 0.38028169014084506, 'f1-score': 0.35294117647058826, 'support': 71.0}, '1.0': {'precision': 0.37383177570093457, 'recall': 0.5263157894736842, 'f1-score': 0.4371584699453552, 'support': 76.0}, 'accuracy': 0.3855932203389831, 'macro avg': {'precision': 0.4045794554187339, 'recall': 0.39208680032094795, 'f1-score': 0.3810136076288439, 'support': 236.0}, 'weighted avg': {'precision': 0.41201725527286914, 'recall': 0.3855932203389831, 'f1-score': 0.38006199979297084, 'support': 236.0}}","['n_estimators', 'atr_period', 'mass_window_fast', 'mass_window_slow', 'rsi_window']"
VIVA3.SA,9,0.35868494596243344,23.884203917365628,58.333333333333336,0.4110169491525424,"{'-1.0': {'precision': 0.5283018867924528, 'recall': 0.3146067415730337, 'f1-score': 0.39436619718309857, 'support': 89.0}, '0.0': {'precision': 0.34615384615384615, 'recall': 0.5070422535211268, 'f1-score': 0.4114285714285714, 'support': 71.0}, '1.0': {'precision': 0.4177215189873418, 'recall': 0.4342105263157895, 'f1-score': 0.4258064516129032, 'support': 76.0}, 'accuracy': 0.4110169491525424, 'macro avg': {'precision': 0.43072575064454693, 'recall': 0.4186198404699833, 'f1-score': 0.4105337400748577, 'support': 236.0}, 'weighted avg': {'precision': 0.4378924849342769, 'recall': 0.4110169491525424, 'f1-score': 0.4096241967936652, 'support': 236.0}}","['n_estimators', 'atr_period', 'cci_period', 'mass_window_fast', 'mass_window_slow', 'dpo_window', 'awesome_window1', 'awesome_window2']"
VIVA3.SA,10,0.35868494596243344,49.82548554919556,60.0,0.3898305084745763,"{'-1.0': {'precision': 0.5254237288135594, 'recall': 0.34831460674157305, 'f1-score': 0.4189189189189189, 'support': 89.0}, '0.0': {'precision': 0.28888888888888886, 'recall': 0.36619718309859156, 'f1-score': 0.32298136645962733, 'support': 71.0}, '1.0': {'precision': 0.40229885057471265, 'recall': 0.4605263157894737, 'f1-score': 0.4294478527607362, 'support': 76.0}, 'accuracy': 0.3898305084745763, 'macro avg': {'precision': 0.405537156092387, 'recall': 0.3916793685432127, 'f1-score': 0.3904493793797608, 'support': 236.0}, 'weighted avg': {'precision': 0.41461243906439, 'recall': 0.3898305084745763, 'f1-score': 0.39344702378064944, 'support': 236.0}}","['n_estimators', 'atr_period', 'cci_period', 'mass_window_fast', 'mass_window_slow', 'dpo_window', 'rsi_window', 'awesome_window1', 'awesome_window2']"
VIVA3.SA,11,0.35868494596243344,15.36327645151985,51.21951219512195,0.3771186440677966,"{'-1.0': {'precision': 0.5238095238095238, 'recall': 0.24719101123595505, 'f1-score': 0.33587786259541985, 'support': 89.0}, '0.0': {'precision': 0.29, 'recall': 0.4084507042253521, 'f1-score': 0.3391812865497076, 'support': 71.0}, '1.0': {'precision': 0.40425531914893614, 'recall': 0.5, 'f1-score': 0.4470588235294118, 'support': 76.0}, 'accuracy': 0.3771186440677966, 'macro avg': {'precision': 0.40602161431948663, 'recall': 0.3852139051537691, 'f1-score': 0.37403932422484637, 'support': 236.0}, 'weighted avg': {'precision': 0.4149680164168083, 'recall': 0.3771186440677966, 'f1-score': 0.3726757275604106, 'support': 236.0}}","['n_estimators', 'atr_period', 'cci_period', 'mass_window_fast', 'mass_window_slow', 'rsi_window', 'awesome_window1', 'awesome_window2']"
VIVA3.SA,12,0.35868494596243344,2.3675097034485044,52.27272727272727,0.3516949152542373,"{'-1.0': {'precision': 0.4423076923076923, 'recall': 0.25842696629213485, 'f1-score': 0.3262411347517731, 'support': 89.0}, '0.0': {'precision': 0.2647058823529412, 'recall': 0.2535211267605634, 'f1-score': 0.2589928057553957, 'support': 71.0}, '1.0': {'precision': 0.3620689655172414, 'recall': 0.5526315789473685, 'f1-score': 0.4375, 'support': 76.0}, 'accuracy': 0.3516949152542373, 'macro avg': {'precision': 0.35636084672595825, 'recall': 0.35485989066668894, 'f1-score': 0.34091131350238957, 'support': 236.0}, 'weighted avg': {'precision': 0.3630370493294652, 'recall': 0.3516949152542373, 'f1-score': 0.3418387720404275, 'support': 236.0}}","['n_estimators', 'atr_period', 'cci_period', 'mass_window_fast', 'mass_window_slow', 'rsi_window', 'awesome_window1', 'awesome_window2']"
VIVA3.SA,13,0.35868494596243344,16.00357855132561,48.717948717948715,0.3728813559322034,"{'-1.0': {'precision': 0.5128205128205128, 'recall': 0.2247191011235955, 'f1-score': 0.3125, 'support': 89.0}, '0.0': {'precision': 0.2872340425531915, 'recall': 0.38028169014084506, 'f1-score': 0.32727272727272727, 'support': 71.0}, '1.0': {'precision': 0.39805825242718446, 'recall': 0.5394736842105263, 'f1-score': 0.4581005586592179, 'support': 76.0}, 'accuracy': 0.3728813559322034, 'macro avg': {'precision': 0.39937093593362955, 'recall': 0.381491491824989, 'f1-score': 0.36595776197731505, 'support': 236.0}, 'weighted avg': {'precision': 0.4079960586727468, 'recall': 0.3728813559322034, 'f1-score': 0.3638326529426449, 'support': 236.0}}","['n_estimators', 'atr_period', 'cci_period', 'mass_window_fast', 'mass_window_slow', 'dpo_window', 'rsi_window', 'awesome_window1', 'awesome_window2']"
VIVA3.SA,14,0.35868494596243344,24.01780988099483,58.97435897435898,0.3898305084745763,"{'-1.0': {'precision': 0.5, 'recall': 0.23595505617977527, 'f1-score': 0.32061068702290074, 'support': 89.0}, '0.0': {'precision': 0.32098765432098764, 'recall': 0.36619718309859156, 'f1-score': 0.34210526315789475, 'support': 71.0}, '1.0': {'precision': 0.39823008849557523, 'recall': 0.5921052631578947, 'f1-score': 0.47619047619047616, 'support': 76.0}, 'accuracy': 0.3898305084745763, 'macro avg': {'precision': 0.40640591427218764, 'recall': 0.3980858341454205, 'f1-score': 0.37963547545709053, 'support': 236.0}, 'weighted avg': {'precision': 0.41337122958666883, 'recall': 0.3898305084745763, 'f1-score': 0.37717924160900373, 'support': 236.0}}","['n_estimators', 'atr_period', 'cci_period', 'mass_window_fast', 'mass_window_slow', 'dpo_window', 'rsi_window', 'awesome_window1', 'awesome_window2']"
VIVA3.SA,15,0.35868494596243344,32.50920712842899,65.0,0.4025423728813559,"{'-1.0': {'precision': 0.5952380952380952, 'recall': 0.2808988764044944, 'f1-score': 0.3816793893129771, 'support': 89.0}, '0.0': {'precision': 0.3106796116504854, 'recall': 0.4507042253521127, 'f1-score': 0.367816091954023, 'support': 71.0}, '1.0': {'precision': 0.4175824175824176, 'recall': 0.5, 'f1-score': 0.4550898203592814, 'support': 76.0}, 'accuracy': 0.4025423728813559, 'macro avg': {'precision': 0.44116670815699943, 'recall': 0.4105343672522024, 'f1-score': 0.4015284338754272, 'support': 236.0}, 'weighted avg': {'precision': 0.45241824847304524, 'recall': 0.4025423728813559, 'f1-score': 0.40114929883430506, 'support': 236.0}}","['n_estimators', 'adx_period', 'atr_period', 'cci_period', 'mass_window_fast', 'mass_window_slow', 'dpo_window', 'rsi_window', 'awesome_window1', 'awesome_window2']"
VIVA3.SA,16,0.35868494596243344,28.025984305898344,62.16216216216216,0.3559322033898305,"{'-1.0': {'precision': 0.53125, 'recall': 0.19101123595505617, 'f1-score': 0.2809917355371901, 'support': 89.0}, '0.0': {'precision': 0.29464285714285715, 'recall': 0.4647887323943662, 'f1-score': 0.36065573770491804, 'support': 71.0}, '1.0': {'precision': 0.3695652173913043, 'recall': 0.4473684210526316, 'f1-score': 0.40476190476190477, 'support': 76.0}, 'accuracy': 0.3559322033898305, 'macro avg': {'precision': 0.39848602484472045, 'recall': 0.3677227964673513, 'f1-score': 0.3488031260013376, 'support': 236.0}, 'weighted avg': {'precision': 0.4079993617749237, 'recall': 0.3559322033898305, 'f1-score': 0.34481663814306723, 'support': 236.0}}","['n_estimators', 'adx_period', 'atr_period', 'cci_period', 'mass_window_fast', 'mass_window_slow', 'dpo_window', 'rsi_window', 'awesome_window1', 'awesome_window2']"
VIVA3.SA,17,0.35868494596243344,17.05031049298101,47.61904761904761,0.3686440677966102,"{'-1.0': {'precision': 0.47058823529411764, 'recall': 0.2696629213483146, 'f1-score': 0.34285714285714286, 'support': 89.0}, '0.0': {'precision': 0.3068181818181818, 'recall': 0.38028169014084506, 'f1-score': 0.33962264150943394, 'support': 71.0}, '1.0': {'precision': 0.3711340206185567, 'recall': 0.47368421052631576, 'f1-score': 0.4161849710982659, 'support': 76.0}, 'accuracy': 0.3686440677966102, 'macro avg': {'precision': 0.382846812576952, 'recall': 0.3745429406718251, 'f1-score': 0.36622158515494757, 'support': 236.0}, 'weighted avg': {'precision': 0.38929080261558346, 'recall': 0.3686440677966102, 'f1-score': 0.3654980977327277, 'support': 236.0}}","['n_estimators', 'adx_period', 'atr_period', 'cci_period', 'mass_window_fast', 'mass_window_slow', 'dpo_window', 'rsi_window', 'awesome_window1', 'awesome_window2']"
VIVA3.SA,18,0.35868494596243344,-0.2060235003625894,43.58974358974359,0.3940677966101695,"{'-1.0': {'precision': 0.65, 'recall': 0.29213483146067415, 'f1-score': 0.40310077519379844, 'support': 89.0}, '0.0': {'precision': 0.29906542056074764, 'recall': 0.4507042253521127, 'f1-score': 0.3595505617977528, 'support': 71.0}, '1.0': {'precision': 0.39325842696629215, 'recall': 0.4605263157894737, 'f1-score': 0.42424242424242425, 'support': 76.0}, 'accuracy': 0.3940677966101695, 'macro avg': {'precision': 0.44744128250901327, 'recall': 0.4011217908674201, 'f1-score': 0.3956312537446585, 'support': 236.0}, 'weighted avg': {'precision': 0.4617427343612343, 'recall': 0.3940677966101695, 'f1-score': 0.39680713187420663, 'support': 236.0}}","['n_estimators', 'adx_period', 'atr_period', 'cci_period', 'mass_window_fast', 'mass_window_slow', 'dpo_window', 'rsi_window', 'awesome_window1', 'awesome_window2']"
VIVA3.SA,19,0.35868494596243344,16.58368824317018,55.88235294117647,0.3516949152542373,"{'-1.0': {'precision': 0.5, 'recall': 0.20224719101123595, 'f1-score': 0.288, 'support': 89.0}, '0.0': {'precision': 0.23809523809523808, 'recall': 0.28169014084507044, 'f1-score': 0.25806451612903225, 'support': 71.0}, '1.0': {'precision': 0.3879310344827586, 'recall': 0.5921052631578947, 'f1-score': 0.46875, 'support': 76.0}, 'accuracy': 0.3516949152542373, 'macro avg': {'precision': 0.3753420908593323, 'recall': 0.35868086500473373, 'f1-score': 0.3382715053763441, 'support': 236.0}, 'weighted avg': {'precision': 0.3851166123959812, 'recall': 0.3516949152542373, 'f1-score': 0.3372016129032258, 'support': 236.0}}","['n_estimators', 'adx_period', 'atr_period', 'cci_period', 'mass_window_fast', 'mass_window_slow', 'dpo_window', 'rsi_window', 'awesome_window1', 'awesome_window2']"
VIVA3.SA,20,0.35868494596243344,30.651505392402395,63.04347826086957,0.3686440677966102,"{'-1.0': {'precision': 0.5918367346938775, 'recall': 0.3258426966292135, 'f1-score': 0.42028985507246375, 'support': 89.0}, '0.0': {'precision': 0.273972602739726, 'recall': 0.28169014084507044, 'f1-score': 0.2777777777777778, 'support': 71.0}, '1.0': {'precision': 0.3333333333333333, 'recall': 0.5, 'f1-score': 0.4, 'support': 76.0}, 'accuracy': 0.3686440677966102, 'macro avg': {'precision': 0.39971422358897896, 'recall': 0.36917761249142794, 'f1-score': 0.3660225442834138, 'support': 236.0}, 'weighted avg': {'precision': 0.41296126065936006, 'recall': 0.3686440677966102, 'f1-score': 0.37088143781216737, 'support': 236.0}}","['n_estimators', 'adx_period', 'atr_period', 'cci_period', 'mass_window_fast', 'mass_window_slow', 'dpo_window', 'rsi_window', 'awesome_window1', 'awesome_window2']"
VIVA3.SA,21,0.35868494596243344,5.591827073813383,44.18604651162791,0.4152542372881356,"{'-1.0': {'precision': 0.5961538461538461, 'recall': 0.34831460674157305, 'f1-score': 0.4397163120567376, 'support': 89.0}, '0.0': {'precision': 0.34579439252336447, 'recall': 0.5211267605633803, 'f1-score': 0.4157303370786517, 'support': 71.0}, '1.0': {'precision': 0.38961038961038963, 'recall': 0.39473684210526316, 'f1-score': 0.39215686274509803, 'support': 76.0}, 'accuracy': 0.4152542372881356, 'macro avg': {'precision': 0.4438528760958668, 'recall': 0.4213927364700722, 'f1-score': 0.4158678372934958, 'support': 236.0}, 'weighted avg': {'precision': 0.454319846556105, 'recall': 0.4152542372881356, 'f1-score': 0.4171844376028025, 'support': 236.0}}","['n_estimators', 'adx_period', 'atr_period', 'cci_period', 'stc_window_slow', 'stc_window_fast', 'stc_cycle', 'stc_smooth1', 'stc_smooth2', 'kst_r1', 'kst_r2', 'kst_r3', 'kst_r4', 'kst_n1', 'kst_n2', 'kst_n3', 'kst_n4', 'kst_signal', 'mass_window_fast', 'mass_window_slow', 'dpo_window', 'rsi_window', 'awesome_window1', 'awesome_window2']"
VIVA3.SA,22,0.35868494596243344,4.316601622321759,50.0,0.3516949152542373,"{'-1.0': {'precision': 0.5, 'recall': 0.21348314606741572, 'f1-score': 0.2992125984251969, 'support': 89.0}, '0.0': {'precision': 0.27884615384615385, 'recall': 0.4084507042253521, 'f1-score': 0.3314285714285714, 'support': 71.0}, '1.0': {'precision': 0.3723404255319149, 'recall': 0.4605263157894737, 'f1-score': 0.4117647058823529, 'support': 76.0}, 'accuracy': 0.3516949152542373, 'macro avg': {'precision': 0.38372885979268956, 'recall': 0.3608200553607472, 'f1-score': 0.34746862524537375, 'support': 236.0}, 'weighted avg': {'precision': 0.3923557172182307, 'recall': 0.3516949152542373, 'f1-score': 0.3451502859251268, 'support': 236.0}}","['n_estimators', 'adx_period', 'atr_period', 'cci_period', 'stc_window_slow', 'stc_window_fast', 'stc_cycle', 'stc_smooth1', 'stc_smooth2', 'kst_r1', 'kst_r2', 'kst_r3', 'kst_r4', 'kst_n1', 'kst_n2', 'kst_n3', 'kst_n4', 'kst_signal', 'mass_window_fast', 'mass_window_slow', 'dpo_window', 'rsi_window', 'awesome_window1', 'awesome_window2']"
VIVA3.SA,23,0.35868494596243344,49.76728970629643,52.94117647058824,0.4364406779661017,"{'-1.0': {'precision': 0.5344827586206896, 'recall': 0.34831460674157305, 'f1-score': 0.4217687074829932, 'support': 89.0}, '0.0': {'precision': 0.3394495412844037, 'recall': 0.5211267605633803, 'f1-score': 0.4111111111111111, 'support': 71.0}, '1.0': {'precision': 0.5072463768115942, 'recall': 0.4605263157894737, 'f1-score': 0.4827586206896552, 'support': 76.0}, 'accuracy': 0.4364406779661017, 'macro avg': {'precision': 0.46039289223889585, 'recall': 0.44332256103147566, 'f1-score': 0.43854614642791984, 'support': 236.0}, 'weighted avg': {'precision': 0.46703647282252203, 'recall': 0.4364406779661017, 'f1-score': 0.4382032162173266, 'support': 236.0}}","['n_estimators', 'adx_period', 'atr_period', 'cci_period', 'stc_window_slow', 'stc_window_fast', 'stc_cycle', 'stc_smooth1', 'stc_smooth2', 'kst_r1', 'kst_r2', 'kst_r3', 'kst_r4', 'kst_n1', 'kst_n2', 'kst_n3', 'kst_n4', 'kst_signal', 'mass_window_fast', 'mass_window_slow', 'dpo_window', 'rsi_window', 'awesome_window1', 'awesome_window2']"
VIVA3.SA,24,0.35868494596243344,49.41528576045779,66.66666666666666,0.4152542372881356,"{'-1.0': {'precision': 0.5897435897435898, 'recall': 0.25842696629213485, 'f1-score': 0.359375, 'support': 89.0}, '0.0': {'precision': 0.34782608695652173, 'recall': 0.4507042253521127, 'f1-score': 0.39263803680981596, 'support': 71.0}, '1.0': {'precision': 0.4095238095238095, 'recall': 0.5657894736842105, 'f1-score': 0.47513812154696133, 'support': 76.0}, 'accuracy': 0.4152542372881356, 'macro avg': {'precision': 0.44903116207464033, 'recall': 0.424973555109486, 'f1-score': 0.4090503861189257, 'support': 236.0}, 'weighted avg': {'precision': 0.45892644569873753, 'recall': 0.4152542372881356, 'f1-score': 0.4066617493689237, 'support': 236.0}}","['n_estimators', 'adx_period', 'atr_period', 'cci_period', 'stc_window_slow', 'stc_window_fast', 'stc_cycle', 'stc_smooth1', 'stc_smooth2', 'kst_r1', 'kst_r2', 'kst_r3', 'kst_r4', 'kst_n1', 'kst_n2', 'kst_n3', 'kst_n4', 'kst_signal', 'trix_window', 'mass_window_fast', 'mass_window_slow', 'dpo_window', 'rsi_window', 'awesome_window1', 'awesome_window2']"
VIVA3.SA,25,0.35868494596243344,17.009934628564405,50.0,0.3516949152542373,"{'-1.0': {'precision': 0.4722222222222222, 'recall': 0.19101123595505617, 'f1-score': 0.272, 'support': 89.0}, '0.0': {'precision': 0.2839506172839506, 'recall': 0.323943661971831, 'f1-score': 0.3026315789473684, 'support': 71.0}, '1.0': {'precision': 0.36134453781512604, 'recall': 0.5657894736842105, 'f1-score': 0.441025641025641, 'support': 76.0}, 'accuracy': 0.3516949152542373, 'macro avg': {'precision': 0.37250579244043297, 'recall': 0.36024812387036587, 'f1-score': 0.3385524066576698, 'support': 236.0}, 'weighted avg': {'precision': 0.37987481558850783, 'recall': 0.3516949152542373, 'f1-score': 0.33564741874242326, 'support': 236.0}}","['n_estimators', 'adx_period', 'atr_period', 'cci_period', 'stc_window_slow', 'stc_window_fast', 'stc_cycle', 'stc_smooth1', 'stc_smooth2', 'kst_r1', 'kst_r2', 'kst_r3', 'kst_r4', 'kst_n1', 'kst_n2', 'kst_n3', 'kst_n4', 'kst_signal', 'trix_window', 'mass_window_fast', 'mass_window_slow', 'dpo_window', 'rsi_window', 'awesome_window1', 'awesome_window2']"
VIVA3.SA,26,0.35868494596243344,39.379632015618974,56.81818181818182,0.4491525423728814,"{'-1.0': {'precision': 0.5394736842105263, 'recall': 0.4606741573033708, 'f1-score': 0.49696969696969695, 'support': 89.0}, '0.0': {'precision': 0.3711340206185567, 'recall': 0.5070422535211268, 'f1-score': 0.42857142857142855, 'support': 71.0}, '1.0': {'precision': 0.4603174603174603, 'recall': 0.3815789473684211, 'f1-score': 0.4172661870503597, 'support': 76.0}, 'accuracy': 0.4491525423728814, 'macro avg': {'precision': 0.4569750550488478, 'recall': 0.4497651193976395, 'f1-score': 0.44760243753049506, 'support': 236.0}, 'weighted avg': {'precision': 0.46333813704568366, 'recall': 0.4491525423728814, 'f1-score': 0.45072501980805846, 'support': 236.0}}","['n_estimators', 'adx_period', 'atr_period', 'cci_period', 'stc_window_slow', 'stc_window_fast', 'stc_cycle', 'stc_smooth1', 'stc_smooth2', 'kst_r1', 'kst_r2', 'kst_r3', 'kst_r4', 'kst_n1', 'kst_n2', 'kst_n3', 'kst_n4', 'kst_signal', 'trix_window', 'mass_window_fast', 'mass_window_slow', 'dpo_window', 'rsi_window', 'awesome_window1', 'awesome_window2']"
VIVA3.SA,27,0.35868494596243344,25.848698486545402,53.191489361702125,0.3728813559322034,"{'-1.0': {'precision': 0.47692307692307695, 'recall': 0.34831460674157305, 'f1-score': 0.4025974025974026, 'support': 89.0}, '0.0': {'precision': 0.2972972972972973, 'recall': 0.30985915492957744, 'f1-score': 0.30344827586206896, 'support': 71.0}, '1.0': {'precision': 0.36082474226804123, 'recall': 0.4605263157894737, 'f1-score': 0.4046242774566474, 'support': 76.0}, 'accuracy': 0.3728813559322034, 'macro avg': {'precision': 0.37834837216280515, 'recall': 0.37290002582020804, 'f1-score': 0.3702233186387063, 'support': 236.0}, 'weighted avg': {'precision': 0.3854955185026826, 'recall': 0.3728813559322034, 'f1-score': 0.37342136230542766, 'support': 236.0}}","['n_estimators', 'adx_period', 'atr_period', 'cci_period', 'stc_window_slow', 'stc_window_fast', 'stc_cycle', 'stc_smooth1', 'stc_smooth2', 'kst_r1', 'kst_r2', 'kst_r3', 'kst_r4', 'kst_n1', 'kst_n2', 'kst_n3', 'kst_n4', 'kst_signal', 'trix_window', 'mass_window_fast', 'mass_window_slow', 'dpo_window', 'rsi_window', 'awesome_window1', 'awesome_window2']"
